from_id,to_id,set_type,concept_type,ref,hipaa
3012,2026,,1,CSFv1-1_to_CSFv2-0_CROSSWALK_20240326,0
3012,2027,,1,CSFv1-1_to_CSFv2-0_CROSSWALK_20240326,0
3013,2044,,1,CSFv1-1_to_CSFv2-0_CROSSWALK_20240326,0
3013,2031,,1,CSFv1-1_to_CSFv2-0_CROSSWALK_20240326,0
3014,2032,,1,CSFv1-1_to_CSFv2-0_CROSSWALK_20240326,0
3015,2028,,1,CSFv1-1_to_CSFv2-0_CROSSWALK_20240326,0
3015,2029,,1,CSFv1-1_to_CSFv2-0_CROSSWALK_20240326,0
3016,2025,,1,CSFv1-1_to_CSFv2-0_CROSSWALK_20240326,0
3016,2028,,1,CSFv1-1_to_CSFv2-0_CROSSWALK_20240326,0
3022,2040,,1,CSFv1-1_to_CSFv2-0_CROSSWALK_20240326,0
3023,2041,,1,CSFv1-1_to_CSFv2-0_CROSSWALK_20240326,0
3023,2042,,1,CSFv1-1_to_CSFv2-0_CROSSWALK_20240326,0
3024,2033,,1,CSFv1-1_to_CSFv2-0_CROSSWALK_20240326,0
3025,2041,,1,CSFv1-1_to_CSFv2-0_CROSSWALK_20240326,0
3026,2043,,1,CSFv1-1_to_CSFv2-0_CROSSWALK_20240326,0
3027,2040,,1,CSFv1-1_to_CSFv2-0_CROSSWALK_20240326,0
3033,2043,,1,CSFv1-1_to_CSFv2-0_CROSSWALK_20240326,0
3034,2024,,1,CSFv1-1_to_CSFv2-0_CROSSWALK_20240326,0
3035,2044,,1,CSFv1-1_to_CSFv2-0_CROSSWALK_20240326,0
3036,2044,,1,CSFv1-1_to_CSFv2-0_CROSSWALK_20240326,0
3037,2045,,1,CSFv1-1_to_CSFv2-0_CROSSWALK_20240326,0
3038,2043,,1,CSFv1-1_to_CSFv2-0_CROSSWALK_20240326,0
3039,2044,,1,CSFv1-1_to_CSFv2-0_CROSSWALK_20240326,0
3039,2046,,1,CSFv1-1_to_CSFv2-0_CROSSWALK_20240326,0
3040,2047,,1,CSFv1-1_to_CSFv2-0_CROSSWALK_20240326,0
3041,2043,,1,CSFv1-1_to_CSFv2-0_CROSSWALK_20240326,0
3042,2043,,1,CSFv1-1_to_CSFv2-0_CROSSWALK_20240326,0
3030,2024,,1,CSFv1-1_to_CSFv2-0_CROSSWALK_20240326,0
3030,2031,,1,CSFv1-1_to_CSFv2-0_CROSSWALK_20240326,0
3030,2014,,1,CSFv1-1_to_CSFv2-0_CROSSWALK_20240326,0
3031,2040,,1,CSFv1-1_to_CSFv2-0_CROSSWALK_20240326,0
3032,2070,,1,CSFv1-1_to_CSFv2-0_CROSSWALK_20240326,0
3020,2030,,1,CSFv1-1_to_CSFv2-0_CROSSWALK_20240326,0
3021,2030,,1,CSFv1-1_to_CSFv2-0_CROSSWALK_20240326,0
3043,2019,,1,CSFv1-1_to_CSFv2-0_CROSSWALK_20240326,0
3044,2020,,1,CSFv1-1_to_CSFv2-0_CROSSWALK_20240326,0
3045,2021,,1,CSFv1-1_to_CSFv2-0_CROSSWALK_20240326,0
3045,2001,,1,CSFv1-1_to_CSFv2-0_CROSSWALK_20240326,0
3046,2022,,1,CSFv1-1_to_CSFv2-0_CROSSWALK_20240326,0
3047,2023,,1,CSFv1-1_to_CSFv2-0_CROSSWALK_20240326,0
3050,2062,,1,CSFv1-1_to_CSFv2-0_CROSSWALK_20240326,0
3050,2072,,1,CSFv1-1_to_CSFv2-0_CROSSWALK_20240326,0
3050,2080,,1,CSFv1-1_to_CSFv2-0_CROSSWALK_20240326,0
3050,2081,,1,CSFv1-1_to_CSFv2-0_CROSSWALK_20240326,0
3050,2076,,1,CSFv1-1_to_CSFv2-0_CROSSWALK_20240326,0
3050,2059,,1,CSFv1-1_to_CSFv2-0_CROSSWALK_20240326,0
3054,2033,,1,CSFv1-1_to_CSFv2-0_CROSSWALK_20240326,0
3055,2034,,1,CSFv1-1_to_CSFv2-0_CROSSWALK_20240326,0
3055,2071,,1,CSFv1-1_to_CSFv2-0_CROSSWALK_20240326,0
3055,2013,,1,CSFv1-1_to_CSFv2-0_CROSSWALK_20240326,0
3056,2035,,1,CSFv1-1_to_CSFv2-0_CROSSWALK_20240326,0
3057,2036,,1,CSFv1-1_to_CSFv2-0_CROSSWALK_20240326,0
3058,2037,,1,CSFv1-1_to_CSFv2-0_CROSSWALK_20240326,0
3059,2038,,1,CSFv1-1_to_CSFv2-0_CROSSWALK_20240326,0
3060,2039,,1,CSFv1-1_to_CSFv2-0_CROSSWALK_20240326,0
3060,2107,,1,CSFv1-1_to_CSFv2-0_CROSSWALK_20240326,0
3061,2073,,1,CSFv1-1_to_CSFv2-0_CROSSWALK_20240326,0
3062,2097,,1,CSFv1-1_to_CSFv2-0_CROSSWALK_20240326,0
3063,2067,,1,CSFv1-1_to_CSFv2-0_CROSSWALK_20240326,0
3064,2044,,1,CSFv1-1_to_CSFv2-0_CROSSWALK_20240326,0
3064,2046,,1,CSFv1-1_to_CSFv2-0_CROSSWALK_20240326,0
3052,2047,,1,CSFv1-1_to_CSFv2-0_CROSSWALK_20240326,0
3052,2069,,1,CSFv1-1_to_CSFv2-0_CROSSWALK_20240326,0
3052,2016,,1,CSFv1-1_to_CSFv2-0_CROSSWALK_20240326,0
3053,2077,,1,CSFv1-1_to_CSFv2-0_CROSSWALK_20240326,0
3053,2078,,1,CSFv1-1_to_CSFv2-0_CROSSWALK_20240326,0
3053,2018,,1,CSFv1-1_to_CSFv2-0_CROSSWALK_20240326,0
3053,2103,,1,CSFv1-1_to_CSFv2-0_CROSSWALK_20240326,0
3053,2104,,1,CSFv1-1_to_CSFv2-0_CROSSWALK_20240326,0
3053,2090,,1,CSFv1-1_to_CSFv2-0_CROSSWALK_20240326,0
3053,2091,,1,CSFv1-1_to_CSFv2-0_CROSSWALK_20240326,0
3054,2079,,1,CSFv1-1_to_CSFv2-0_CROSSWALK_20240326,0
3054,2103,,1,CSFv1-1_to_CSFv2-0_CROSSWALK_20240326,0
3054,2090,,1,CSFv1-1_to_CSFv2-0_CROSSWALK_20240326,0
3054,2069,,1,CSFv1-1_to_CSFv2-0_CROSSWALK_20240326,0
3065,2048,,1,CSFv1-1_to_CSFv2-0_CROSSWALK_20240326,0
3066,2053,,1,CSFv1-1_to_CSFv2-0_CROSSWALK_20240326,0
3067,2050,,1,CSFv1-1_to_CSFv2-0_CROSSWALK_20240326,0
3067,2054,,1,CSFv1-1_to_CSFv2-0_CROSSWALK_20240326,0
3069,2048,,1,CSFv1-1_to_CSFv2-0_CROSSWALK_20240326,0
3069,2050,,1,CSFv1-1_to_CSFv2-0_CROSSWALK_20240326,0
3069,2051,,1,CSFv1-1_to_CSFv2-0_CROSSWALK_20240326,0
3070,2049,,1,CSFv1-1_to_CSFv2-0_CROSSWALK_20240326,0
3070,2085,,1,CSFv1-1_to_CSFv2-0_CROSSWALK_20240326,0
3071,2055,,1,CSFv1-1_to_CSFv2-0_CROSSWALK_20240326,0
3071,2057,,1,CSFv1-1_to_CSFv2-0_CROSSWALK_20240326,0
3071,2098,,1,CSFv1-1_to_CSFv2-0_CROSSWALK_20240326,0
3072,2056,,1,CSFv1-1_to_CSFv2-0_CROSSWALK_20240326,0
3072,2057,,1,CSFv1-1_to_CSFv2-0_CROSSWALK_20240326,0
3072,2058,,1,CSFv1-1_to_CSFv2-0_CROSSWALK_20240326,0
3072,2059,,1,CSFv1-1_to_CSFv2-0_CROSSWALK_20240326,0
3073,2060,,1,CSFv1-1_to_CSFv2-0_CROSSWALK_20240326,0
3073,2064,,1,CSFv1-1_to_CSFv2-0_CROSSWALK_20240326,0
3073,2065,,1,CSFv1-1_to_CSFv2-0_CROSSWALK_20240326,0
3073,2083,,1,CSFv1-1_to_CSFv2-0_CROSSWALK_20240326,0
3074,2061,,1,CSFv1-1_to_CSFv2-0_CROSSWALK_20240326,0
3074,2064,,1,CSFv1-1_to_CSFv2-0_CROSSWALK_20240326,0
3075,2064,,1,CSFv1-1_to_CSFv2-0_CROSSWALK_20240326,0
3076,2074,,1,CSFv1-1_to_CSFv2-0_CROSSWALK_20240326,0
3081,2068,,1,CSFv1-1_to_CSFv2-0_CROSSWALK_20240326,0
3081,2073,,1,CSFv1-1_to_CSFv2-0_CROSSWALK_20240326,0
3081,2083,,1,CSFv1-1_to_CSFv2-0_CROSSWALK_20240326,0
3081,2084,,1,CSFv1-1_to_CSFv2-0_CROSSWALK_20240326,0
3082,2071,,1,CSFv1-1_to_CSFv2-0_CROSSWALK_20240326,0
3082,2081,,1,CSFv1-1_to_CSFv2-0_CROSSWALK_20240326,0
3083,2080,,1,CSFv1-1_to_CSFv2-0_CROSSWALK_20240326,0
3083,2062,,1,CSFv1-1_to_CSFv2-0_CROSSWALK_20240326,0
3084,2082,,1,CSFv1-1_to_CSFv2-0_CROSSWALK_20240326,0
3086,2072,,1,CSFv1-1_to_CSFv2-0_CROSSWALK_20240326,0
3077,2050,,1,CSFv1-1_to_CSFv2-0_CROSSWALK_20240326,0
3077,2052,,1,CSFv1-1_to_CSFv2-0_CROSSWALK_20240326,0
3077,2066,,1,CSFv1-1_to_CSFv2-0_CROSSWALK_20240326,0
3077,2085,,1,CSFv1-1_to_CSFv2-0_CROSSWALK_20240326,0
3078,2075,,1,CSFv1-1_to_CSFv2-0_CROSSWALK_20240326,0
3079,2086,,1,CSFv1-1_to_CSFv2-0_CROSSWALK_20240326,0
3080,2063,,1,CSFv1-1_to_CSFv2-0_CROSSWALK_20240326,0
3007,2006,,1,CSFv1-1_to_CSFv2-0_CROSSWALK_20240326,0
3007,2009,,1,CSFv1-1_to_CSFv2-0_CROSSWALK_20240326,0
3007,2010,,1,CSFv1-1_to_CSFv2-0_CROSSWALK_20240326,0
3007,2012,,1,CSFv1-1_to_CSFv2-0_CROSSWALK_20240326,0
3008,2007,,1,CSFv1-1_to_CSFv2-0_CROSSWALK_20240326,0
3009,2008,,1,CSFv1-1_to_CSFv2-0_CROSSWALK_20240326,0
3009,2012,,1,CSFv1-1_to_CSFv2-0_CROSSWALK_20240326,0
3010,2011,,1,CSFv1-1_to_CSFv2-0_CROSSWALK_20240326,0
3010,2012,,1,CSFv1-1_to_CSFv2-0_CROSSWALK_20240326,0
3011,2065,,1,CSFv1-1_to_CSFv2-0_CROSSWALK_20240326,0
3011,2067,,1,CSFv1-1_to_CSFv2-0_CROSSWALK_20240326,0
3011,2009,,1,CSFv1-1_to_CSFv2-0_CROSSWALK_20240326,0
3011,2010,,1,CSFv1-1_to_CSFv2-0_CROSSWALK_20240326,0
3011,2012,,1,CSFv1-1_to_CSFv2-0_CROSSWALK_20240326,0
3001,2002,,1,CSFv1-1_to_CSFv2-0_CROSSWALK_20240326,0
3002,2003,,1,CSFv1-1_to_CSFv2-0_CROSSWALK_20240326,0
3003,2004,,1,CSFv1-1_to_CSFv2-0_CROSSWALK_20240326,0
3004,2017,,1,CSFv1-1_to_CSFv2-0_CROSSWALK_20240326,0
3005,2003,,1,CSFv1-1_to_CSFv2-0_CROSSWALK_20240326,0
3006,2005,,1,CSFv1-1_to_CSFv2-0_CROSSWALK_20240326,0
3101,2087,,1,CSFv1-1_to_CSFv2-0_CROSSWALK_20240326,0
3101,2101,,1,CSFv1-1_to_CSFv2-0_CROSSWALK_20240326,0
3102,2093,,1,CSFv1-1_to_CSFv2-0_CROSSWALK_20240326,0
3102,2094,,1,CSFv1-1_to_CSFv2-0_CROSSWALK_20240326,0
3103,2096,,1,CSFv1-1_to_CSFv2-0_CROSSWALK_20240326,0
3103,2094,,1,CSFv1-1_to_CSFv2-0_CROSSWALK_20240326,0
3104,2094,,1,CSFv1-1_to_CSFv2-0_CROSSWALK_20240326,0
3104,2101,,1,CSFv1-1_to_CSFv2-0_CROSSWALK_20240326,0
3095,2095,,1,CSFv1-1_to_CSFv2-0_CROSSWALK_20240326,0
3096,2095,,1,CSFv1-1_to_CSFv2-0_CROSSWALK_20240326,0
3099,2099,,1,CSFv1-1_to_CSFv2-0_CROSSWALK_20240326,0
3099,2100,,1,CSFv1-1_to_CSFv2-0_CROSSWALK_20240326,0
3100,2100,,1,CSFv1-1_to_CSFv2-0_CROSSWALK_20240326,0
3100,2102,,1,CSFv1-1_to_CSFv2-0_CROSSWALK_20240326,0
3106,2105,,1,CSFv1-1_to_CSFv2-0_CROSSWALK_20240326,0
3107,2106,,1,CSFv1-1_to_CSFv2-0_CROSSWALK_20240326,0
3089,2092,,1,CSFv1-1_to_CSFv2-0_CROSSWALK_20240326,0
3090,2092,,1,CSFv1-1_to_CSFv2-0_CROSSWALK_20240326,0
3087,2089,,1,CSFv1-1_to_CSFv2-0_CROSSWALK_20240326,0
3088,2087,,1,CSFv1-1_to_CSFv2-0_CROSSWALK_20240326,0
3088,2099,,1,CSFv1-1_to_CSFv2-0_CROSSWALK_20240326,0
1001,3043,Equivalent,0,CIS_Controls_v8_Mapping_to_CSF_2.0__February_2024,0
1001,3050,Subset,0,CIS_Controls_v8_Mapping_to_CSF_2.0__February_2024,0
1002,3083,Subset,0,CIS_Controls_v8_Mapping_to_CSF_2.0__February_2024,0
1081,3044,Subset,0,CIS_Controls_v8_Mapping_to_CSF_2.0__February_2024,0
1082,3082,Subset,0,CIS_Controls_v8_Mapping_to_CSF_2.0__February_2024,0
1083,3082,Subset,0,CIS_Controls_v8_Mapping_to_CSF_2.0__February_2024,0
1085,3085,Equivalent,0,CIS_Controls_v8_Mapping_to_CSF_2.0__February_2024,0
1094,3049,Equivalent,0,CIS_Controls_v8_Mapping_to_CSF_2.0__February_2024,0
1097,3050,Subset,0,CIS_Controls_v8_Mapping_to_CSF_2.0__February_2024,0
1099,3047,Subset,0,CIS_Controls_v8_Mapping_to_CSF_2.0__February_2024,0
1100,3045,Subset,0,CIS_Controls_v8_Mapping_to_CSF_2.0__February_2024,0
1089,3074,Subset,0,CIS_Controls_v8_Mapping_to_CSF_2.0__February_2024,0
1090,3073,Subset,0,CIS_Controls_v8_Mapping_to_CSF_2.0__February_2024,0
1091,3077,Subset,0,CIS_Controls_v8_Mapping_to_CSF_2.0__February_2024,0
1102,3081,Subset,0,CIS_Controls_v8_Mapping_to_CSF_2.0__February_2024,0
1106,3081,Subset,0,CIS_Controls_v8_Mapping_to_CSF_2.0__February_2024,0
1114,3069,Subset,0,CIS_Controls_v8_Mapping_to_CSF_2.0__February_2024,0
1120,3032,Subset,0,CIS_Controls_v8_Mapping_to_CSF_2.0__February_2024,0
1121,3032,Subset,0,CIS_Controls_v8_Mapping_to_CSF_2.0__February_2024,0
1127,3069,Equivalent,0,CIS_Controls_v8_Mapping_to_CSF_2.0__February_2024,0
1128,3055,Superset,0,CIS_Controls_v8_Mapping_to_CSF_2.0__February_2024,0
1129,3052,Superset,0,CIS_Controls_v8_Mapping_to_CSF_2.0__February_2024,0
1139,3084,Equivalent,0,CIS_Controls_v8_Mapping_to_CSF_2.0__February_2024,0
1137,3001,Superset,0,CIS_Controls_v8_Mapping_to_CSF_2.0__February_2024,0
1006,3011,Subset,0,CIS_Controls_v8_Mapping_to_CSF_2.0__February_2024,0
1012,3009,Subset,0,CIS_Controls_v8_Mapping_to_CSF_2.0__February_2024,0
1014,3076,Subset,0,CIS_Controls_v8_Mapping_to_CSF_2.0__February_2024,0
1015,3076,Subset,0,CIS_Controls_v8_Mapping_to_CSF_2.0__February_2024,0
1017,3076,Subset,0,CIS_Controls_v8_Mapping_to_CSF_2.0__February_2024,0
1017,3091,Superset,0,CIS_Controls_v8_Mapping_to_CSF_2.0__February_2024,0
1019,3077,Subset,0,CIS_Controls_v8_Mapping_to_CSF_2.0__February_2024,0
1026,3007,Subset,0,CIS_Controls_v8_Mapping_to_CSF_2.0__February_2024,0
1037,3029,Subset,0,CIS_Controls_v8_Mapping_to_CSF_2.0__February_2024,0
1037,3071,Equivalent,0,CIS_Controls_v8_Mapping_to_CSF_2.0__February_2024,0
1045,3030,Subset,0,CIS_Controls_v8_Mapping_to_CSF_2.0__February_2024,0
1045,3072,Equivalent,0,CIS_Controls_v8_Mapping_to_CSF_2.0__February_2024,0
1046,3036,Subset,0,CIS_Controls_v8_Mapping_to_CSF_2.0__February_2024,0
1046,3046,Subset,0,CIS_Controls_v8_Mapping_to_CSF_2.0__February_2024,0
1047,3033,Subset,0,CIS_Controls_v8_Mapping_to_CSF_2.0__February_2024,0
1047,3010,Superset,0,CIS_Controls_v8_Mapping_to_CSF_2.0__February_2024,0
1048,3036,Subset,0,CIS_Controls_v8_Mapping_to_CSF_2.0__February_2024,0
1049,3034,Subset,0,CIS_Controls_v8_Mapping_to_CSF_2.0__February_2024,0
1049,3037,Equivalent,0,CIS_Controls_v8_Mapping_to_CSF_2.0__February_2024,0
1049,3040,Superset,0,CIS_Controls_v8_Mapping_to_CSF_2.0__February_2024,0
1050,3038,Equivalent,0,CIS_Controls_v8_Mapping_to_CSF_2.0__February_2024,0
1051,3039,Superset,0,CIS_Controls_v8_Mapping_to_CSF_2.0__February_2024,0
1051,3041,Subset,0,CIS_Controls_v8_Mapping_to_CSF_2.0__February_2024,0
1051,3010,Subset,0,CIS_Controls_v8_Mapping_to_CSF_2.0__February_2024,0
1052,3042,Subset,0,CIS_Controls_v8_Mapping_to_CSF_2.0__February_2024,0
1053,3086,Superset,0,CIS_Controls_v8_Mapping_to_CSF_2.0__February_2024,0
1068,3099,Subset,0,CIS_Controls_v8_Mapping_to_CSF_2.0__February_2024,0
1068,3100,Subset,0,CIS_Controls_v8_Mapping_to_CSF_2.0__February_2024,0
1068,3088,Subset,0,CIS_Controls_v8_Mapping_to_CSF_2.0__February_2024,0
1070,3101,Superset,0,CIS_Controls_v8_Mapping_to_CSF_2.0__February_2024,0
1072,3088,Subset,0,CIS_Controls_v8_Mapping_to_CSF_2.0__February_2024,0
1074,3095,Equivalent,0,CIS_Controls_v8_Mapping_to_CSF_2.0__February_2024,0
1075,3105,Equivalent,0,CIS_Controls_v8_Mapping_to_CSF_2.0__February_2024,0
1001,4058,Superset,0,CIS_Controls_v8_Mapping_to_HIPAA_2_2023,1
1094,4058,Superset,0,CIS_Controls_v8_Mapping_to_HIPAA_2_2023,1
1095,4023,Superset,0,CIS_Controls_v8_Mapping_to_HIPAA_2_2023,1
1095,4024,Subset,0,CIS_Controls_v8_Mapping_to_HIPAA_2_2023,1
1095,4060,Equivalent,0,CIS_Controls_v8_Mapping_to_HIPAA_2_2023,1
1097,4056,Equivalent,0,CIS_Controls_v8_Mapping_to_HIPAA_2_2023,1
1101,4055,Subset,0,CIS_Controls_v8_Mapping_to_HIPAA_2_2023,1
1089,4064,Superset,0,CIS_Controls_v8_Mapping_to_HIPAA_2_2023,1
1089,4069,Equivalent,0,CIS_Controls_v8_Mapping_to_HIPAA_2_2023,1
1089,4070,Subset,0,CIS_Controls_v8_Mapping_to_HIPAA_2_2023,1
1089,4071,Subset,0,CIS_Controls_v8_Mapping_to_HIPAA_2_2023,1
1090,4064,Subset,0,CIS_Controls_v8_Mapping_to_HIPAA_2_2023,1
1090,4071,Subset,0,CIS_Controls_v8_Mapping_to_HIPAA_2_2023,1
1092,4070,Superset,0,CIS_Controls_v8_Mapping_to_HIPAA_2_2023,1
1092,4071,Superset,0,CIS_Controls_v8_Mapping_to_HIPAA_2_2023,1
1093,4065,Subset,0,CIS_Controls_v8_Mapping_to_HIPAA_2_2023,1
1093,4066,Subset,0,CIS_Controls_v8_Mapping_to_HIPAA_2_2023,1
1093,4067,Subset,0,CIS_Controls_v8_Mapping_to_HIPAA_2_2023,1
1107,4063,Subset,0,CIS_Controls_v8_Mapping_to_HIPAA_2_2023,1
1114,4061,Superset,0,CIS_Controls_v8_Mapping_to_HIPAA_2_2023,1
1120,4061,Superset,0,CIS_Controls_v8_Mapping_to_HIPAA_2_2023,1
1121,4026,Equivalent,0,CIS_Controls_v8_Mapping_to_HIPAA_2_2023,1
1127,4025,Superset,0,CIS_Controls_v8_Mapping_to_HIPAA_2_2023,1
1127,4027,Superset,0,CIS_Controls_v8_Mapping_to_HIPAA_2_2023,1
1127,4030,Equivalent,0,CIS_Controls_v8_Mapping_to_HIPAA_2_2023,1
1128,4018,Subset,0,CIS_Controls_v8_Mapping_to_HIPAA_2_2023,1
1128,4019,Subset,0,CIS_Controls_v8_Mapping_to_HIPAA_2_2023,1
1129,4018,Subset,0,CIS_Controls_v8_Mapping_to_HIPAA_2_2023,1
1129,4019,Subset,0,CIS_Controls_v8_Mapping_to_HIPAA_2_2023,1
1135,4065,Subset,0,CIS_Controls_v8_Mapping_to_HIPAA_2_2023,1
1139,4065,Superset,0,CIS_Controls_v8_Mapping_to_HIPAA_2_2023,1
1137,4021,Subset,0,CIS_Controls_v8_Mapping_to_HIPAA_2_2023,1
1137,4065,Subset,0,CIS_Controls_v8_Mapping_to_HIPAA_2_2023,1
1006,4033,Superset,0,CIS_Controls_v8_Mapping_to_HIPAA_2_2023,1
1008,4055,Subset,0,CIS_Controls_v8_Mapping_to_HIPAA_2_2023,1
1009,4055,Subset,0,CIS_Controls_v8_Mapping_to_HIPAA_2_2023,1
1013,4039,Equivalent,0,CIS_Controls_v8_Mapping_to_HIPAA_2_2023,1
1013,4040,Superset,0,CIS_Controls_v8_Mapping_to_HIPAA_2_2023,1
1013,4059,Superset,0,CIS_Controls_v8_Mapping_to_HIPAA_2_2023,1
1014,4039,Subset,0,CIS_Controls_v8_Mapping_to_HIPAA_2_2023,1
1026,4065,Subset,0,CIS_Controls_v8_Mapping_to_HIPAA_2_2023,1
1037,4031,Equivalent,0,CIS_Controls_v8_Mapping_to_HIPAA_2_2023,1
1037,4032,Superset,0,CIS_Controls_v8_Mapping_to_HIPAA_2_2023,1
1039,4034,Subset,0,CIS_Controls_v8_Mapping_to_HIPAA_2_2023,1
1039,4035,Subset,0,CIS_Controls_v8_Mapping_to_HIPAA_2_2023,1
1040,4056,Superset,0,CIS_Controls_v8_Mapping_to_HIPAA_2_2023,1
1042,4037,Subset,0,CIS_Controls_v8_Mapping_to_HIPAA_2_2023,1
1049,4028,Superset,0,CIS_Controls_v8_Mapping_to_HIPAA_2_2023,1
1049,4045,Equivalent,0,CIS_Controls_v8_Mapping_to_HIPAA_2_2023,1
1049,4046,Equivalent,0,CIS_Controls_v8_Mapping_to_HIPAA_2_2023,1
1049,4047,Equivalent,0,CIS_Controls_v8_Mapping_to_HIPAA_2_2023,1
1050,4044,Subset,0,CIS_Controls_v8_Mapping_to_HIPAA_2_2023,1
1063,4019,Subset,0,CIS_Controls_v8_Mapping_to_HIPAA_2_2023,1
1067,4022,Equivalent,0,CIS_Controls_v8_Mapping_to_HIPAA_2_2023,1
1069,4037,Equivalent,0,CIS_Controls_v8_Mapping_to_HIPAA_2_2023,1
1070,4017,Subset,0,CIS_Controls_v8_Mapping_to_HIPAA_2_2023,1
1070,4036,Equivalent,0,CIS_Controls_v8_Mapping_to_HIPAA_2_2023,1
1070,4038,Subset,0,CIS_Controls_v8_Mapping_to_HIPAA_2_2023,1
1073,4042,Subset,0,CIS_Controls_v8_Mapping_to_HIPAA_2_2023,1
1074,4044,Subset,0,CIS_Controls_v8_Mapping_to_HIPAA_2_2023,1
1076,4044,Subset,0,CIS_Controls_v8_Mapping_to_HIPAA_2_2023,1
1078,4019,Subset,0,CIS_Controls_v8_Mapping_to_HIPAA_2_2023,1
2019,4018,,1,HIPAA.CSFv1-1_SecurityRule_Crosswalk_2024,1
2019,4050,,1,HIPAA.CSFv1-1_SecurityRule_Crosswalk_2024,1
2019,4054,,1,HIPAA.CSFv1-1_SecurityRule_Crosswalk_2024,1
2019,4056,,1,HIPAA.CSFv1-1_SecurityRule_Crosswalk_2024,1
2019,4057,,1,HIPAA.CSFv1-1_SecurityRule_Crosswalk_2024,1
2019,4058,,1,HIPAA.CSFv1-1_SecurityRule_Crosswalk_2024,1
2019,4059,,1,HIPAA.CSFv1-1_SecurityRule_Crosswalk_2024,1
2020,4018,,1,HIPAA.CSFv1-1_SecurityRule_Crosswalk_2024,1
2020,4043,,1,HIPAA.CSFv1-1_SecurityRule_Crosswalk_2024,1
2021,4018,,1,HIPAA.CSFv1-1_SecurityRule_Crosswalk_2024,1
2021,4024,,1,HIPAA.CSFv1-1_SecurityRule_Crosswalk_2024,1
2021,4044,,1,HIPAA.CSFv1-1_SecurityRule_Crosswalk_2024,1
2021,4054,,1,HIPAA.CSFv1-1_SecurityRule_Crosswalk_2024,1
2021,4056,,1,HIPAA.CSFv1-1_SecurityRule_Crosswalk_2024,1
2021,4057,,1,HIPAA.CSFv1-1_SecurityRule_Crosswalk_2024,1
2021,4058,,1,HIPAA.CSFv1-1_SecurityRule_Crosswalk_2024,1
2021,4059,,1,HIPAA.CSFv1-1_SecurityRule_Crosswalk_2024,1
2022,4028,,1,HIPAA.CSFv1-1_SecurityRule_Crosswalk_2024,1
2022,4045,,1,HIPAA.CSFv1-1_SecurityRule_Crosswalk_2024,1
2022,4047,,1,HIPAA.CSFv1-1_SecurityRule_Crosswalk_2024,1
2022,4071,,1,HIPAA.CSFv1-1_SecurityRule_Crosswalk_2024,1
2022,4072,,1,HIPAA.CSFv1-1_SecurityRule_Crosswalk_2024,1
2022,4075,,1,HIPAA.CSFv1-1_SecurityRule_Crosswalk_2024,1
2022,4076,,1,HIPAA.CSFv1-1_SecurityRule_Crosswalk_2024,1
2022,4085,,1,HIPAA.CSFv1-1_SecurityRule_Crosswalk_2024,1
2022,4086,,1,HIPAA.CSFv1-1_SecurityRule_Crosswalk_2024,1
2022,4087,,1,HIPAA.CSFv1-1_SecurityRule_Crosswalk_2024,1
2023,4043,,1,HIPAA.CSFv1-1_SecurityRule_Crosswalk_2024,1
2024,4022,,1,HIPAA.CSFv1-1_SecurityRule_Crosswalk_2024,1
2024,4024,,1,HIPAA.CSFv1-1_SecurityRule_Crosswalk_2024,1
2024,4025,,1,HIPAA.CSFv1-1_SecurityRule_Crosswalk_2024,1
2024,4026,,1,HIPAA.CSFv1-1_SecurityRule_Crosswalk_2024,1
2024,4028,,1,HIPAA.CSFv1-1_SecurityRule_Crosswalk_2024,1
2024,4029,,1,HIPAA.CSFv1-1_SecurityRule_Crosswalk_2024,1
2024,4030,,1,HIPAA.CSFv1-1_SecurityRule_Crosswalk_2024,1
2024,4045,,1,HIPAA.CSFv1-1_SecurityRule_Crosswalk_2024,1
2024,4071,,1,HIPAA.CSFv1-1_SecurityRule_Crosswalk_2024,1
2024,4072,,1,HIPAA.CSFv1-1_SecurityRule_Crosswalk_2024,1
2024,4075,,1,HIPAA.CSFv1-1_SecurityRule_Crosswalk_2024,1
2024,4076,,1,HIPAA.CSFv1-1_SecurityRule_Crosswalk_2024,1
2024,4078,,1,HIPAA.CSFv1-1_SecurityRule_Crosswalk_2024,1
2024,4079,,1,HIPAA.CSFv1-1_SecurityRule_Crosswalk_2024,1
2024,4080,,1,HIPAA.CSFv1-1_SecurityRule_Crosswalk_2024,1
2024,4081,,1,HIPAA.CSFv1-1_SecurityRule_Crosswalk_2024,1
2025,4018,,1,HIPAA.CSFv1-1_SecurityRule_Crosswalk_2024,1
2025,4028,,1,HIPAA.CSFv1-1_SecurityRule_Crosswalk_2024,1
2025,4029,,1,HIPAA.CSFv1-1_SecurityRule_Crosswalk_2024,1
2025,4030,,1,HIPAA.CSFv1-1_SecurityRule_Crosswalk_2024,1
2025,4041,,1,HIPAA.CSFv1-1_SecurityRule_Crosswalk_2024,1
2025,4043,,1,HIPAA.CSFv1-1_SecurityRule_Crosswalk_2024,1
2025,4044,,1,HIPAA.CSFv1-1_SecurityRule_Crosswalk_2024,1
2025,4049,,1,HIPAA.CSFv1-1_SecurityRule_Crosswalk_2024,1
2025,4071,,1,HIPAA.CSFv1-1_SecurityRule_Crosswalk_2024,1
2025,4072,,1,HIPAA.CSFv1-1_SecurityRule_Crosswalk_2024,1
2025,4075,,1,HIPAA.CSFv1-1_SecurityRule_Crosswalk_2024,1
2025,4076,,1,HIPAA.CSFv1-1_SecurityRule_Crosswalk_2024,1
2025,4078,,1,HIPAA.CSFv1-1_SecurityRule_Crosswalk_2024,1
2025,4079,,1,HIPAA.CSFv1-1_SecurityRule_Crosswalk_2024,1
2025,4080,,1,HIPAA.CSFv1-1_SecurityRule_Crosswalk_2024,1
2025,4081,,1,HIPAA.CSFv1-1_SecurityRule_Crosswalk_2024,1
2025,4082,,1,HIPAA.CSFv1-1_SecurityRule_Crosswalk_2024,1
2025,4085,,1,HIPAA.CSFv1-1_SecurityRule_Crosswalk_2024,1
2025,4086,,1,HIPAA.CSFv1-1_SecurityRule_Crosswalk_2024,1
2025,4087,,1,HIPAA.CSFv1-1_SecurityRule_Crosswalk_2024,1
2026,4018,,1,HIPAA.CSFv1-1_SecurityRule_Crosswalk_2024,1
2026,4028,,1,HIPAA.CSFv1-1_SecurityRule_Crosswalk_2024,1
2026,4029,,1,HIPAA.CSFv1-1_SecurityRule_Crosswalk_2024,1
2026,4030,,1,HIPAA.CSFv1-1_SecurityRule_Crosswalk_2024,1
2026,4041,,1,HIPAA.CSFv1-1_SecurityRule_Crosswalk_2024,1
2026,4043,,1,HIPAA.CSFv1-1_SecurityRule_Crosswalk_2024,1
2026,4044,,1,HIPAA.CSFv1-1_SecurityRule_Crosswalk_2024,1
2026,4049,,1,HIPAA.CSFv1-1_SecurityRule_Crosswalk_2024,1
2026,4071,,1,HIPAA.CSFv1-1_SecurityRule_Crosswalk_2024,1
2026,4072,,1,HIPAA.CSFv1-1_SecurityRule_Crosswalk_2024,1
2026,4075,,1,HIPAA.CSFv1-1_SecurityRule_Crosswalk_2024,1
2026,4076,,1,HIPAA.CSFv1-1_SecurityRule_Crosswalk_2024,1
2026,4078,,1,HIPAA.CSFv1-1_SecurityRule_Crosswalk_2024,1
2026,4079,,1,HIPAA.CSFv1-1_SecurityRule_Crosswalk_2024,1
2026,4080,,1,HIPAA.CSFv1-1_SecurityRule_Crosswalk_2024,1
2026,4081,,1,HIPAA.CSFv1-1_SecurityRule_Crosswalk_2024,1
2026,4082,,1,HIPAA.CSFv1-1_SecurityRule_Crosswalk_2024,1
2026,4085,,1,HIPAA.CSFv1-1_SecurityRule_Crosswalk_2024,1
2026,4086,,1,HIPAA.CSFv1-1_SecurityRule_Crosswalk_2024,1
2026,4087,,1,HIPAA.CSFv1-1_SecurityRule_Crosswalk_2024,1
2027,4040,,1,HIPAA.CSFv1-1_SecurityRule_Crosswalk_2024,1
2027,4041,,1,HIPAA.CSFv1-1_SecurityRule_Crosswalk_2024,1
2027,4042,,1,HIPAA.CSFv1-1_SecurityRule_Crosswalk_2024,1
2027,4043,,1,HIPAA.CSFv1-1_SecurityRule_Crosswalk_2024,1
2027,4049,,1,HIPAA.CSFv1-1_SecurityRule_Crosswalk_2024,1
2027,4082,,1,HIPAA.CSFv1-1_SecurityRule_Crosswalk_2024,1
2027,4085,,1,HIPAA.CSFv1-1_SecurityRule_Crosswalk_2024,1
2027,4086,,1,HIPAA.CSFv1-1_SecurityRule_Crosswalk_2024,1
2027,4087,,1,HIPAA.CSFv1-1_SecurityRule_Crosswalk_2024,1
2028,4037,,1,HIPAA.CSFv1-1_SecurityRule_Crosswalk_2024,1
2028,4043,,1,HIPAA.CSFv1-1_SecurityRule_Crosswalk_2024,1
2028,4049,,1,HIPAA.CSFv1-1_SecurityRule_Crosswalk_2024,1
2028,4062,,1,HIPAA.CSFv1-1_SecurityRule_Crosswalk_2024,1
2028,4071,,1,HIPAA.CSFv1-1_SecurityRule_Crosswalk_2024,1
2028,4078,,1,HIPAA.CSFv1-1_SecurityRule_Crosswalk_2024,1
2029,4019,,1,HIPAA.CSFv1-1_SecurityRule_Crosswalk_2024,1
2029,4037,,1,HIPAA.CSFv1-1_SecurityRule_Crosswalk_2024,1
2029,4039,,1,HIPAA.CSFv1-1_SecurityRule_Crosswalk_2024,1
2029,4040,,1,HIPAA.CSFv1-1_SecurityRule_Crosswalk_2024,1
2029,4041,,1,HIPAA.CSFv1-1_SecurityRule_Crosswalk_2024,1
2029,4042,,1,HIPAA.CSFv1-1_SecurityRule_Crosswalk_2024,1
2029,4043,,1,HIPAA.CSFv1-1_SecurityRule_Crosswalk_2024,1
2029,4044,,1,HIPAA.CSFv1-1_SecurityRule_Crosswalk_2024,1
2029,4049,,1,HIPAA.CSFv1-1_SecurityRule_Crosswalk_2024,1
2029,4062,,1,HIPAA.CSFv1-1_SecurityRule_Crosswalk_2024,1
2029,4078,,1,HIPAA.CSFv1-1_SecurityRule_Crosswalk_2024,1
2030,4016,,1,HIPAA.CSFv1-1_SecurityRule_Crosswalk_2024,1
2030,4082,,1,HIPAA.CSFv1-1_SecurityRule_Crosswalk_2024,1
2030,4085,,1,HIPAA.CSFv1-1_SecurityRule_Crosswalk_2024,1
2030,4086,,1,HIPAA.CSFv1-1_SecurityRule_Crosswalk_2024,1
2030,4087,,1,HIPAA.CSFv1-1_SecurityRule_Crosswalk_2024,1
2031,4016,,1,HIPAA.CSFv1-1_SecurityRule_Crosswalk_2024,1
2031,4022,,1,HIPAA.CSFv1-1_SecurityRule_Crosswalk_2024,1
2031,4024,,1,HIPAA.CSFv1-1_SecurityRule_Crosswalk_2024,1
2031,4025,,1,HIPAA.CSFv1-1_SecurityRule_Crosswalk_2024,1
2031,4026,,1,HIPAA.CSFv1-1_SecurityRule_Crosswalk_2024,1
2031,4028,,1,HIPAA.CSFv1-1_SecurityRule_Crosswalk_2024,1
2031,4029,,1,HIPAA.CSFv1-1_SecurityRule_Crosswalk_2024,1
2031,4030,,1,HIPAA.CSFv1-1_SecurityRule_Crosswalk_2024,1
2031,4045,,1,HIPAA.CSFv1-1_SecurityRule_Crosswalk_2024,1
2031,4047,,1,HIPAA.CSFv1-1_SecurityRule_Crosswalk_2024,1
2031,4071,,1,HIPAA.CSFv1-1_SecurityRule_Crosswalk_2024,1
2031,4072,,1,HIPAA.CSFv1-1_SecurityRule_Crosswalk_2024,1
2031,4075,,1,HIPAA.CSFv1-1_SecurityRule_Crosswalk_2024,1
2031,4076,,1,HIPAA.CSFv1-1_SecurityRule_Crosswalk_2024,1
2031,4078,,1,HIPAA.CSFv1-1_SecurityRule_Crosswalk_2024,1
2031,4079,,1,HIPAA.CSFv1-1_SecurityRule_Crosswalk_2024,1
2031,4080,,1,HIPAA.CSFv1-1_SecurityRule_Crosswalk_2024,1
2031,4081,,1,HIPAA.CSFv1-1_SecurityRule_Crosswalk_2024,1
2032,4016,,1,HIPAA.CSFv1-1_SecurityRule_Crosswalk_2024,1
2032,4018,,1,HIPAA.CSFv1-1_SecurityRule_Crosswalk_2024,1
2032,4019,,1,HIPAA.CSFv1-1_SecurityRule_Crosswalk_2024,1
2032,4020,,1,HIPAA.CSFv1-1_SecurityRule_Crosswalk_2024,1
2032,4021,,1,HIPAA.CSFv1-1_SecurityRule_Crosswalk_2024,1
2032,4022,,1,HIPAA.CSFv1-1_SecurityRule_Crosswalk_2024,1
2032,4024,,1,HIPAA.CSFv1-1_SecurityRule_Crosswalk_2024,1
2032,4025,,1,HIPAA.CSFv1-1_SecurityRule_Crosswalk_2024,1
2032,4026,,1,HIPAA.CSFv1-1_SecurityRule_Crosswalk_2024,1
2032,4028,,1,HIPAA.CSFv1-1_SecurityRule_Crosswalk_2024,1
2032,4029,,1,HIPAA.CSFv1-1_SecurityRule_Crosswalk_2024,1
2032,4030,,1,HIPAA.CSFv1-1_SecurityRule_Crosswalk_2024,1
2032,4032,,1,HIPAA.CSFv1-1_SecurityRule_Crosswalk_2024,1
2032,4033,,1,HIPAA.CSFv1-1_SecurityRule_Crosswalk_2024,1
2032,4034,,1,HIPAA.CSFv1-1_SecurityRule_Crosswalk_2024,1
2032,4035,,1,HIPAA.CSFv1-1_SecurityRule_Crosswalk_2024,1
2032,4037,,1,HIPAA.CSFv1-1_SecurityRule_Crosswalk_2024,1
2032,4039,,1,HIPAA.CSFv1-1_SecurityRule_Crosswalk_2024,1
2032,4040,,1,HIPAA.CSFv1-1_SecurityRule_Crosswalk_2024,1
2032,4041,,1,HIPAA.CSFv1-1_SecurityRule_Crosswalk_2024,1
2032,4042,,1,HIPAA.CSFv1-1_SecurityRule_Crosswalk_2024,1
2032,4043,,1,HIPAA.CSFv1-1_SecurityRule_Crosswalk_2024,1
2032,4044,,1,HIPAA.CSFv1-1_SecurityRule_Crosswalk_2024,1
2032,4045,,1,HIPAA.CSFv1-1_SecurityRule_Crosswalk_2024,1
2032,4047,,1,HIPAA.CSFv1-1_SecurityRule_Crosswalk_2024,1
2032,4049,,1,HIPAA.CSFv1-1_SecurityRule_Crosswalk_2024,1
2032,4050,,1,HIPAA.CSFv1-1_SecurityRule_Crosswalk_2024,1
2032,4051,,1,HIPAA.CSFv1-1_SecurityRule_Crosswalk_2024,1
2032,4052,,1,HIPAA.CSFv1-1_SecurityRule_Crosswalk_2024,1
2032,4053,,1,HIPAA.CSFv1-1_SecurityRule_Crosswalk_2024,1
2032,4054,,1,HIPAA.CSFv1-1_SecurityRule_Crosswalk_2024,1
2032,4056,,1,HIPAA.CSFv1-1_SecurityRule_Crosswalk_2024,1
2032,4057,,1,HIPAA.CSFv1-1_SecurityRule_Crosswalk_2024,1
2032,4058,,1,HIPAA.CSFv1-1_SecurityRule_Crosswalk_2024,1
2032,4059,,1,HIPAA.CSFv1-1_SecurityRule_Crosswalk_2024,1
2032,4061,,1,HIPAA.CSFv1-1_SecurityRule_Crosswalk_2024,1
2032,4062,,1,HIPAA.CSFv1-1_SecurityRule_Crosswalk_2024,1
2032,4063,,1,HIPAA.CSFv1-1_SecurityRule_Crosswalk_2024,1
2032,4064,,1,HIPAA.CSFv1-1_SecurityRule_Crosswalk_2024,1
2032,4065,,1,HIPAA.CSFv1-1_SecurityRule_Crosswalk_2024,1
2032,4067,,1,HIPAA.CSFv1-1_SecurityRule_Crosswalk_2024,1
2032,4068,,1,HIPAA.CSFv1-1_SecurityRule_Crosswalk_2024,1
2032,4069,,1,HIPAA.CSFv1-1_SecurityRule_Crosswalk_2024,1
2032,4070,,1,HIPAA.CSFv1-1_SecurityRule_Crosswalk_2024,1
2032,4071,,1,HIPAA.CSFv1-1_SecurityRule_Crosswalk_2024,1
2032,4072,,1,HIPAA.CSFv1-1_SecurityRule_Crosswalk_2024,1
2032,4075,,1,HIPAA.CSFv1-1_SecurityRule_Crosswalk_2024,1
2032,4076,,1,HIPAA.CSFv1-1_SecurityRule_Crosswalk_2024,1
2032,4078,,1,HIPAA.CSFv1-1_SecurityRule_Crosswalk_2024,1
2032,4079,,1,HIPAA.CSFv1-1_SecurityRule_Crosswalk_2024,1
2032,4080,,1,HIPAA.CSFv1-1_SecurityRule_Crosswalk_2024,1
2032,4081,,1,HIPAA.CSFv1-1_SecurityRule_Crosswalk_2024,1
2032,4082,,1,HIPAA.CSFv1-1_SecurityRule_Crosswalk_2024,1
2032,4085,,1,HIPAA.CSFv1-1_SecurityRule_Crosswalk_2024,1
2032,4086,,1,HIPAA.CSFv1-1_SecurityRule_Crosswalk_2024,1
2032,4087,,1,HIPAA.CSFv1-1_SecurityRule_Crosswalk_2024,1
2033,4016,,1,HIPAA.CSFv1-1_SecurityRule_Crosswalk_2024,1
2033,4018,,1,HIPAA.CSFv1-1_SecurityRule_Crosswalk_2024,1
2033,4019,,1,HIPAA.CSFv1-1_SecurityRule_Crosswalk_2024,1
2033,4020,,1,HIPAA.CSFv1-1_SecurityRule_Crosswalk_2024,1
2033,4021,,1,HIPAA.CSFv1-1_SecurityRule_Crosswalk_2024,1
2033,4045,,1,HIPAA.CSFv1-1_SecurityRule_Crosswalk_2024,1
2033,4047,,1,HIPAA.CSFv1-1_SecurityRule_Crosswalk_2024,1
2034,4018,,1,HIPAA.CSFv1-1_SecurityRule_Crosswalk_2024,1
2034,4043,,1,HIPAA.CSFv1-1_SecurityRule_Crosswalk_2024,1
2034,4044,,1,HIPAA.CSFv1-1_SecurityRule_Crosswalk_2024,1
2034,4047,,1,HIPAA.CSFv1-1_SecurityRule_Crosswalk_2024,1
2034,4059,,1,HIPAA.CSFv1-1_SecurityRule_Crosswalk_2024,1
2034,4087,,1,HIPAA.CSFv1-1_SecurityRule_Crosswalk_2024,1
2036,4018,,1,HIPAA.CSFv1-1_SecurityRule_Crosswalk_2024,1
2036,4021,,1,HIPAA.CSFv1-1_SecurityRule_Crosswalk_2024,1
2036,4022,,1,HIPAA.CSFv1-1_SecurityRule_Crosswalk_2024,1
2036,4024,,1,HIPAA.CSFv1-1_SecurityRule_Crosswalk_2024,1
2036,4025,,1,HIPAA.CSFv1-1_SecurityRule_Crosswalk_2024,1
2036,4026,,1,HIPAA.CSFv1-1_SecurityRule_Crosswalk_2024,1
2036,4028,,1,HIPAA.CSFv1-1_SecurityRule_Crosswalk_2024,1
2036,4029,,1,HIPAA.CSFv1-1_SecurityRule_Crosswalk_2024,1
2036,4030,,1,HIPAA.CSFv1-1_SecurityRule_Crosswalk_2024,1
2036,4032,,1,HIPAA.CSFv1-1_SecurityRule_Crosswalk_2024,1
2036,4047,,1,HIPAA.CSFv1-1_SecurityRule_Crosswalk_2024,1
2036,4051,,1,HIPAA.CSFv1-1_SecurityRule_Crosswalk_2024,1
2036,4059,,1,HIPAA.CSFv1-1_SecurityRule_Crosswalk_2024,1
2036,4065,,1,HIPAA.CSFv1-1_SecurityRule_Crosswalk_2024,1
2036,4067,,1,HIPAA.CSFv1-1_SecurityRule_Crosswalk_2024,1
2036,4069,,1,HIPAA.CSFv1-1_SecurityRule_Crosswalk_2024,1
2036,4070,,1,HIPAA.CSFv1-1_SecurityRule_Crosswalk_2024,1
2036,4071,,1,HIPAA.CSFv1-1_SecurityRule_Crosswalk_2024,1
2036,4072,,1,HIPAA.CSFv1-1_SecurityRule_Crosswalk_2024,1
2036,4075,,1,HIPAA.CSFv1-1_SecurityRule_Crosswalk_2024,1
2036,4076,,1,HIPAA.CSFv1-1_SecurityRule_Crosswalk_2024,1
2036,4078,,1,HIPAA.CSFv1-1_SecurityRule_Crosswalk_2024,1
2036,4079,,1,HIPAA.CSFv1-1_SecurityRule_Crosswalk_2024,1
2036,4080,,1,HIPAA.CSFv1-1_SecurityRule_Crosswalk_2024,1
2036,4081,,1,HIPAA.CSFv1-1_SecurityRule_Crosswalk_2024,1
2036,4082,,1,HIPAA.CSFv1-1_SecurityRule_Crosswalk_2024,1
2036,4085,,1,HIPAA.CSFv1-1_SecurityRule_Crosswalk_2024,1
2036,4086,,1,HIPAA.CSFv1-1_SecurityRule_Crosswalk_2024,1
2036,4087,,1,HIPAA.CSFv1-1_SecurityRule_Crosswalk_2024,1
2037,4016,,1,HIPAA.CSFv1-1_SecurityRule_Crosswalk_2024,1
2037,4018,,1,HIPAA.CSFv1-1_SecurityRule_Crosswalk_2024,1
2037,4019,,1,HIPAA.CSFv1-1_SecurityRule_Crosswalk_2024,1
2037,4035,,1,HIPAA.CSFv1-1_SecurityRule_Crosswalk_2024,1
2037,4037,,1,HIPAA.CSFv1-1_SecurityRule_Crosswalk_2024,1
2037,4043,,1,HIPAA.CSFv1-1_SecurityRule_Crosswalk_2024,1
2037,4044,,1,HIPAA.CSFv1-1_SecurityRule_Crosswalk_2024,1
2037,4082,,1,HIPAA.CSFv1-1_SecurityRule_Crosswalk_2024,1
2038,4018,,1,HIPAA.CSFv1-1_SecurityRule_Crosswalk_2024,1
2038,4019,,1,HIPAA.CSFv1-1_SecurityRule_Crosswalk_2024,1
2038,4021,,1,HIPAA.CSFv1-1_SecurityRule_Crosswalk_2024,1
2038,4042,,1,HIPAA.CSFv1-1_SecurityRule_Crosswalk_2024,1
2038,4043,,1,HIPAA.CSFv1-1_SecurityRule_Crosswalk_2024,1
2038,4082,,1,HIPAA.CSFv1-1_SecurityRule_Crosswalk_2024,1
2039,4019,,1,HIPAA.CSFv1-1_SecurityRule_Crosswalk_2024,1
2039,4072,,1,HIPAA.CSFv1-1_SecurityRule_Crosswalk_2024,1
2039,4076,,1,HIPAA.CSFv1-1_SecurityRule_Crosswalk_2024,1
2039,4081,,1,HIPAA.CSFv1-1_SecurityRule_Crosswalk_2024,1
2040,4019,,1,HIPAA.CSFv1-1_SecurityRule_Crosswalk_2024,1
2041,4019,,1,HIPAA.CSFv1-1_SecurityRule_Crosswalk_2024,1
2042,4019,,1,HIPAA.CSFv1-1_SecurityRule_Crosswalk_2024,1
2042,4037,,1,HIPAA.CSFv1-1_SecurityRule_Crosswalk_2024,1
2042,4041,,1,HIPAA.CSFv1-1_SecurityRule_Crosswalk_2024,1
2042,4043,,1,HIPAA.CSFv1-1_SecurityRule_Crosswalk_2024,1
2042,4049,,1,HIPAA.CSFv1-1_SecurityRule_Crosswalk_2024,1
2043,4016,,1,HIPAA.CSFv1-1_SecurityRule_Crosswalk_2024,1
2043,4018,,1,HIPAA.CSFv1-1_SecurityRule_Crosswalk_2024,1
2043,4019,,1,HIPAA.CSFv1-1_SecurityRule_Crosswalk_2024,1
2043,4022,,1,HIPAA.CSFv1-1_SecurityRule_Crosswalk_2024,1
2043,4044,,1,HIPAA.CSFv1-1_SecurityRule_Crosswalk_2024,1
2043,4082,,1,HIPAA.CSFv1-1_SecurityRule_Crosswalk_2024,1
2043,4085,,1,HIPAA.CSFv1-1_SecurityRule_Crosswalk_2024,1
2043,4086,,1,HIPAA.CSFv1-1_SecurityRule_Crosswalk_2024,1
2043,4087,,1,HIPAA.CSFv1-1_SecurityRule_Crosswalk_2024,1
2044,4016,,1,HIPAA.CSFv1-1_SecurityRule_Crosswalk_2024,1
2044,4018,,1,HIPAA.CSFv1-1_SecurityRule_Crosswalk_2024,1
2044,4043,,1,HIPAA.CSFv1-1_SecurityRule_Crosswalk_2024,1
2044,4071,,1,HIPAA.CSFv1-1_SecurityRule_Crosswalk_2024,1
2044,4072,,1,HIPAA.CSFv1-1_SecurityRule_Crosswalk_2024,1
2044,4075,,1,HIPAA.CSFv1-1_SecurityRule_Crosswalk_2024,1
2044,4076,,1,HIPAA.CSFv1-1_SecurityRule_Crosswalk_2024,1
2044,4078,,1,HIPAA.CSFv1-1_SecurityRule_Crosswalk_2024,1
2044,4079,,1,HIPAA.CSFv1-1_SecurityRule_Crosswalk_2024,1
2044,4080,,1,HIPAA.CSFv1-1_SecurityRule_Crosswalk_2024,1
2045,4045,,1,HIPAA.CSFv1-1_SecurityRule_Crosswalk_2024,1
2045,4047,,1,HIPAA.CSFv1-1_SecurityRule_Crosswalk_2024,1
2045,4071,,1,HIPAA.CSFv1-1_SecurityRule_Crosswalk_2024,1
2045,4072,,1,HIPAA.CSFv1-1_SecurityRule_Crosswalk_2024,1
2045,4075,,1,HIPAA.CSFv1-1_SecurityRule_Crosswalk_2024,1
2045,4076,,1,HIPAA.CSFv1-1_SecurityRule_Crosswalk_2024,1
2045,4078,,1,HIPAA.CSFv1-1_SecurityRule_Crosswalk_2024,1
2045,4079,,1,HIPAA.CSFv1-1_SecurityRule_Crosswalk_2024,1
2045,4080,,1,HIPAA.CSFv1-1_SecurityRule_Crosswalk_2024,1
2045,4081,,1,HIPAA.CSFv1-1_SecurityRule_Crosswalk_2024,1
2046,4021,,1,HIPAA.CSFv1-1_SecurityRule_Crosswalk_2024,1
2046,4044,,1,HIPAA.CSFv1-1_SecurityRule_Crosswalk_2024,1
2046,4047,,1,HIPAA.CSFv1-1_SecurityRule_Crosswalk_2024,1
2046,4071,,1,HIPAA.CSFv1-1_SecurityRule_Crosswalk_2024,1
2046,4072,,1,HIPAA.CSFv1-1_SecurityRule_Crosswalk_2024,1
2046,4075,,1,HIPAA.CSFv1-1_SecurityRule_Crosswalk_2024,1
2046,4076,,1,HIPAA.CSFv1-1_SecurityRule_Crosswalk_2024,1
2046,4078,,1,HIPAA.CSFv1-1_SecurityRule_Crosswalk_2024,1
2046,4079,,1,HIPAA.CSFv1-1_SecurityRule_Crosswalk_2024,1
2046,4080,,1,HIPAA.CSFv1-1_SecurityRule_Crosswalk_2024,1
2046,4081,,1,HIPAA.CSFv1-1_SecurityRule_Crosswalk_2024,1
2047,4037,,1,HIPAA.CSFv1-1_SecurityRule_Crosswalk_2024,1
2047,4040,,1,HIPAA.CSFv1-1_SecurityRule_Crosswalk_2024,1
2047,4042,,1,HIPAA.CSFv1-1_SecurityRule_Crosswalk_2024,1
2047,4049,,1,HIPAA.CSFv1-1_SecurityRule_Crosswalk_2024,1
2048,4025,,1,HIPAA.CSFv1-1_SecurityRule_Crosswalk_2024,1
2048,4026,,1,HIPAA.CSFv1-1_SecurityRule_Crosswalk_2024,1
2048,4029,,1,HIPAA.CSFv1-1_SecurityRule_Crosswalk_2024,1
2048,4030,,1,HIPAA.CSFv1-1_SecurityRule_Crosswalk_2024,1
2048,4061,,1,HIPAA.CSFv1-1_SecurityRule_Crosswalk_2024,1
2048,4062,,1,HIPAA.CSFv1-1_SecurityRule_Crosswalk_2024,1
2048,4063,,1,HIPAA.CSFv1-1_SecurityRule_Crosswalk_2024,1
2048,4068,,1,HIPAA.CSFv1-1_SecurityRule_Crosswalk_2024,1
2049,4019,,1,HIPAA.CSFv1-1_SecurityRule_Crosswalk_2024,1
2049,4037,,1,HIPAA.CSFv1-1_SecurityRule_Crosswalk_2024,1
2049,4039,,1,HIPAA.CSFv1-1_SecurityRule_Crosswalk_2024,1
2049,4047,,1,HIPAA.CSFv1-1_SecurityRule_Crosswalk_2024,1
2049,4049,,1,HIPAA.CSFv1-1_SecurityRule_Crosswalk_2024,1
2049,4050,,1,HIPAA.CSFv1-1_SecurityRule_Crosswalk_2024,1
2049,4051,,1,HIPAA.CSFv1-1_SecurityRule_Crosswalk_2024,1
2049,4053,,1,HIPAA.CSFv1-1_SecurityRule_Crosswalk_2024,1
2049,4054,,1,HIPAA.CSFv1-1_SecurityRule_Crosswalk_2024,1
2049,4058,,1,HIPAA.CSFv1-1_SecurityRule_Crosswalk_2024,1
2050,4026,,1,HIPAA.CSFv1-1_SecurityRule_Crosswalk_2024,1
2050,4045,,1,HIPAA.CSFv1-1_SecurityRule_Crosswalk_2024,1
2050,4053,,1,HIPAA.CSFv1-1_SecurityRule_Crosswalk_2024,1
2050,4069,,1,HIPAA.CSFv1-1_SecurityRule_Crosswalk_2024,1
2050,4071,,1,HIPAA.CSFv1-1_SecurityRule_Crosswalk_2024,1
2051,4022,,1,HIPAA.CSFv1-1_SecurityRule_Crosswalk_2024,1
2051,4024,,1,HIPAA.CSFv1-1_SecurityRule_Crosswalk_2024,1
2051,4025,,1,HIPAA.CSFv1-1_SecurityRule_Crosswalk_2024,1
2051,4026,,1,HIPAA.CSFv1-1_SecurityRule_Crosswalk_2024,1
2051,4028,,1,HIPAA.CSFv1-1_SecurityRule_Crosswalk_2024,1
2051,4029,,1,HIPAA.CSFv1-1_SecurityRule_Crosswalk_2024,1
2051,4030,,1,HIPAA.CSFv1-1_SecurityRule_Crosswalk_2024,1
2051,4051,,1,HIPAA.CSFv1-1_SecurityRule_Crosswalk_2024,1
2051,4053,,1,HIPAA.CSFv1-1_SecurityRule_Crosswalk_2024,1
2051,4059,,1,HIPAA.CSFv1-1_SecurityRule_Crosswalk_2024,1
2051,4061,,1,HIPAA.CSFv1-1_SecurityRule_Crosswalk_2024,1
2051,4062,,1,HIPAA.CSFv1-1_SecurityRule_Crosswalk_2024,1
2052,4029,,1,HIPAA.CSFv1-1_SecurityRule_Crosswalk_2024,1
2052,4047,,1,HIPAA.CSFv1-1_SecurityRule_Crosswalk_2024,1
2052,4053,,1,HIPAA.CSFv1-1_SecurityRule_Crosswalk_2024,1
2052,4059,,1,HIPAA.CSFv1-1_SecurityRule_Crosswalk_2024,1
2052,4065,,1,HIPAA.CSFv1-1_SecurityRule_Crosswalk_2024,1
2052,4067,,1,HIPAA.CSFv1-1_SecurityRule_Crosswalk_2024,1
2052,4069,,1,HIPAA.CSFv1-1_SecurityRule_Crosswalk_2024,1
2052,4070,,1,HIPAA.CSFv1-1_SecurityRule_Crosswalk_2024,1
2052,4071,,1,HIPAA.CSFv1-1_SecurityRule_Crosswalk_2024,1
2053,4026,,1,HIPAA.CSFv1-1_SecurityRule_Crosswalk_2024,1
2053,4029,,1,HIPAA.CSFv1-1_SecurityRule_Crosswalk_2024,1
2053,4030,,1,HIPAA.CSFv1-1_SecurityRule_Crosswalk_2024,1
2053,4059,,1,HIPAA.CSFv1-1_SecurityRule_Crosswalk_2024,1
2053,4061,,1,HIPAA.CSFv1-1_SecurityRule_Crosswalk_2024,1
2053,4065,,1,HIPAA.CSFv1-1_SecurityRule_Crosswalk_2024,1
2053,4068,,1,HIPAA.CSFv1-1_SecurityRule_Crosswalk_2024,1
2054,4026,,1,HIPAA.CSFv1-1_SecurityRule_Crosswalk_2024,1
2054,4029,,1,HIPAA.CSFv1-1_SecurityRule_Crosswalk_2024,1
2054,4030,,1,HIPAA.CSFv1-1_SecurityRule_Crosswalk_2024,1
2054,4035,,1,HIPAA.CSFv1-1_SecurityRule_Crosswalk_2024,1
2054,4059,,1,HIPAA.CSFv1-1_SecurityRule_Crosswalk_2024,1
2054,4062,,1,HIPAA.CSFv1-1_SecurityRule_Crosswalk_2024,1
2054,4068,,1,HIPAA.CSFv1-1_SecurityRule_Crosswalk_2024,1
2055,4030,,1,HIPAA.CSFv1-1_SecurityRule_Crosswalk_2024,1
2055,4032,,1,HIPAA.CSFv1-1_SecurityRule_Crosswalk_2024,1
2055,4033,,1,HIPAA.CSFv1-1_SecurityRule_Crosswalk_2024,1
2055,4034,,1,HIPAA.CSFv1-1_SecurityRule_Crosswalk_2024,1
2055,4035,,1,HIPAA.CSFv1-1_SecurityRule_Crosswalk_2024,1
2056,4022,,1,HIPAA.CSFv1-1_SecurityRule_Crosswalk_2024,1
2056,4030,,1,HIPAA.CSFv1-1_SecurityRule_Crosswalk_2024,1
2056,4032,,1,HIPAA.CSFv1-1_SecurityRule_Crosswalk_2024,1
2056,4033,,1,HIPAA.CSFv1-1_SecurityRule_Crosswalk_2024,1
2056,4034,,1,HIPAA.CSFv1-1_SecurityRule_Crosswalk_2024,1
2056,4035,,1,HIPAA.CSFv1-1_SecurityRule_Crosswalk_2024,1
2057,4045,,1,HIPAA.CSFv1-1_SecurityRule_Crosswalk_2024,1
2057,4047,,1,HIPAA.CSFv1-1_SecurityRule_Crosswalk_2024,1
2057,4071,,1,HIPAA.CSFv1-1_SecurityRule_Crosswalk_2024,1
2057,4072,,1,HIPAA.CSFv1-1_SecurityRule_Crosswalk_2024,1
2057,4075,,1,HIPAA.CSFv1-1_SecurityRule_Crosswalk_2024,1
2057,4076,,1,HIPAA.CSFv1-1_SecurityRule_Crosswalk_2024,1
2058,4022,,1,HIPAA.CSFv1-1_SecurityRule_Crosswalk_2024,1
2058,4030,,1,HIPAA.CSFv1-1_SecurityRule_Crosswalk_2024,1
2058,4032,,1,HIPAA.CSFv1-1_SecurityRule_Crosswalk_2024,1
2058,4033,,1,HIPAA.CSFv1-1_SecurityRule_Crosswalk_2024,1
2058,4034,,1,HIPAA.CSFv1-1_SecurityRule_Crosswalk_2024,1
2058,4035,,1,HIPAA.CSFv1-1_SecurityRule_Crosswalk_2024,1
2059,4022,,1,HIPAA.CSFv1-1_SecurityRule_Crosswalk_2024,1
2059,4030,,1,HIPAA.CSFv1-1_SecurityRule_Crosswalk_2024,1
2059,4032,,1,HIPAA.CSFv1-1_SecurityRule_Crosswalk_2024,1
2059,4033,,1,HIPAA.CSFv1-1_SecurityRule_Crosswalk_2024,1
2059,4034,,1,HIPAA.CSFv1-1_SecurityRule_Crosswalk_2024,1
2059,4035,,1,HIPAA.CSFv1-1_SecurityRule_Crosswalk_2024,1
2060,4021,,1,HIPAA.CSFv1-1_SecurityRule_Crosswalk_2024,1
2060,4045,,1,HIPAA.CSFv1-1_SecurityRule_Crosswalk_2024,1
2060,4054,,1,HIPAA.CSFv1-1_SecurityRule_Crosswalk_2024,1
2060,4056,,1,HIPAA.CSFv1-1_SecurityRule_Crosswalk_2024,1
2060,4057,,1,HIPAA.CSFv1-1_SecurityRule_Crosswalk_2024,1
2060,4058,,1,HIPAA.CSFv1-1_SecurityRule_Crosswalk_2024,1
2060,4059,,1,HIPAA.CSFv1-1_SecurityRule_Crosswalk_2024,1
2060,4063,,1,HIPAA.CSFv1-1_SecurityRule_Crosswalk_2024,1
2060,4064,,1,HIPAA.CSFv1-1_SecurityRule_Crosswalk_2024,1
2060,4065,,1,HIPAA.CSFv1-1_SecurityRule_Crosswalk_2024,1
2060,4067,,1,HIPAA.CSFv1-1_SecurityRule_Crosswalk_2024,1
2060,4068,,1,HIPAA.CSFv1-1_SecurityRule_Crosswalk_2024,1
2060,4078,,1,HIPAA.CSFv1-1_SecurityRule_Crosswalk_2024,1
2061,4045,,1,HIPAA.CSFv1-1_SecurityRule_Crosswalk_2024,1
2061,4069,,1,HIPAA.CSFv1-1_SecurityRule_Crosswalk_2024,1
2061,4070,,1,HIPAA.CSFv1-1_SecurityRule_Crosswalk_2024,1
2061,4071,,1,HIPAA.CSFv1-1_SecurityRule_Crosswalk_2024,1
2061,4078,,1,HIPAA.CSFv1-1_SecurityRule_Crosswalk_2024,1
2062,4018,,1,HIPAA.CSFv1-1_SecurityRule_Crosswalk_2024,1
2062,4050,,1,HIPAA.CSFv1-1_SecurityRule_Crosswalk_2024,1
2062,4051,,1,HIPAA.CSFv1-1_SecurityRule_Crosswalk_2024,1
2062,4052,,1,HIPAA.CSFv1-1_SecurityRule_Crosswalk_2024,1
2062,4054,,1,HIPAA.CSFv1-1_SecurityRule_Crosswalk_2024,1
2062,4056,,1,HIPAA.CSFv1-1_SecurityRule_Crosswalk_2024,1
2062,4057,,1,HIPAA.CSFv1-1_SecurityRule_Crosswalk_2024,1
2062,4058,,1,HIPAA.CSFv1-1_SecurityRule_Crosswalk_2024,1
2062,4059,,1,HIPAA.CSFv1-1_SecurityRule_Crosswalk_2024,1
2063,4018,,1,HIPAA.CSFv1-1_SecurityRule_Crosswalk_2024,1
2063,4019,,1,HIPAA.CSFv1-1_SecurityRule_Crosswalk_2024,1
2063,4037,,1,HIPAA.CSFv1-1_SecurityRule_Crosswalk_2024,1
2063,4039,,1,HIPAA.CSFv1-1_SecurityRule_Crosswalk_2024,1
2063,4040,,1,HIPAA.CSFv1-1_SecurityRule_Crosswalk_2024,1
2063,4041,,1,HIPAA.CSFv1-1_SecurityRule_Crosswalk_2024,1
2063,4042,,1,HIPAA.CSFv1-1_SecurityRule_Crosswalk_2024,1
2063,4043,,1,HIPAA.CSFv1-1_SecurityRule_Crosswalk_2024,1
2063,4049,,1,HIPAA.CSFv1-1_SecurityRule_Crosswalk_2024,1
2063,4059,,1,HIPAA.CSFv1-1_SecurityRule_Crosswalk_2024,1
2063,4062,,1,HIPAA.CSFv1-1_SecurityRule_Crosswalk_2024,1
2064,4021,,1,HIPAA.CSFv1-1_SecurityRule_Crosswalk_2024,1
2064,4022,,1,HIPAA.CSFv1-1_SecurityRule_Crosswalk_2024,1
2064,4024,,1,HIPAA.CSFv1-1_SecurityRule_Crosswalk_2024,1
2064,4025,,1,HIPAA.CSFv1-1_SecurityRule_Crosswalk_2024,1
2064,4026,,1,HIPAA.CSFv1-1_SecurityRule_Crosswalk_2024,1
2064,4028,,1,HIPAA.CSFv1-1_SecurityRule_Crosswalk_2024,1
2064,4029,,1,HIPAA.CSFv1-1_SecurityRule_Crosswalk_2024,1
2064,4030,,1,HIPAA.CSFv1-1_SecurityRule_Crosswalk_2024,1
2064,4053,,1,HIPAA.CSFv1-1_SecurityRule_Crosswalk_2024,1
2064,4054,,1,HIPAA.CSFv1-1_SecurityRule_Crosswalk_2024,1
2064,4059,,1,HIPAA.CSFv1-1_SecurityRule_Crosswalk_2024,1
2064,4061,,1,HIPAA.CSFv1-1_SecurityRule_Crosswalk_2024,1
2064,4062,,1,HIPAA.CSFv1-1_SecurityRule_Crosswalk_2024,1
2064,4063,,1,HIPAA.CSFv1-1_SecurityRule_Crosswalk_2024,1
2064,4064,,1,HIPAA.CSFv1-1_SecurityRule_Crosswalk_2024,1
2064,4069,,1,HIPAA.CSFv1-1_SecurityRule_Crosswalk_2024,1
2064,4070,,1,HIPAA.CSFv1-1_SecurityRule_Crosswalk_2024,1
2064,4071,,1,HIPAA.CSFv1-1_SecurityRule_Crosswalk_2024,1
2065,4021,,1,HIPAA.CSFv1-1_SecurityRule_Crosswalk_2024,1
2065,4065,,1,HIPAA.CSFv1-1_SecurityRule_Crosswalk_2024,1
2065,4067,,1,HIPAA.CSFv1-1_SecurityRule_Crosswalk_2024,1
2065,4070,,1,HIPAA.CSFv1-1_SecurityRule_Crosswalk_2024,1
2066,4026,,1,HIPAA.CSFv1-1_SecurityRule_Crosswalk_2024,1
2066,4028,,1,HIPAA.CSFv1-1_SecurityRule_Crosswalk_2024,1
2066,4029,,1,HIPAA.CSFv1-1_SecurityRule_Crosswalk_2024,1
2066,4030,,1,HIPAA.CSFv1-1_SecurityRule_Crosswalk_2024,1
2067,4054,,1,HIPAA.CSFv1-1_SecurityRule_Crosswalk_2024,1
2067,4058,,1,HIPAA.CSFv1-1_SecurityRule_Crosswalk_2024,1
2067,4065,,1,HIPAA.CSFv1-1_SecurityRule_Crosswalk_2024,1
2068,4037,,1,HIPAA.CSFv1-1_SecurityRule_Crosswalk_2024,1
2068,4039,,1,HIPAA.CSFv1-1_SecurityRule_Crosswalk_2024,1
2068,4040,,1,HIPAA.CSFv1-1_SecurityRule_Crosswalk_2024,1
2068,4041,,1,HIPAA.CSFv1-1_SecurityRule_Crosswalk_2024,1
2068,4042,,1,HIPAA.CSFv1-1_SecurityRule_Crosswalk_2024,1
2068,4043,,1,HIPAA.CSFv1-1_SecurityRule_Crosswalk_2024,1
2068,4044,,1,HIPAA.CSFv1-1_SecurityRule_Crosswalk_2024,1
2072,4016,,1,HIPAA.CSFv1-1_SecurityRule_Crosswalk_2024,1
2073,4044,,1,HIPAA.CSFv1-1_SecurityRule_Crosswalk_2024,1
2074,4039,,1,HIPAA.CSFv1-1_SecurityRule_Crosswalk_2024,1
2074,4040,,1,HIPAA.CSFv1-1_SecurityRule_Crosswalk_2024,1
2074,4042,,1,HIPAA.CSFv1-1_SecurityRule_Crosswalk_2024,1
2074,4049,,1,HIPAA.CSFv1-1_SecurityRule_Crosswalk_2024,1
2074,4059,,1,HIPAA.CSFv1-1_SecurityRule_Crosswalk_2024,1
2075,4037,,1,HIPAA.CSFv1-1_SecurityRule_Crosswalk_2024,1
2075,4041,,1,HIPAA.CSFv1-1_SecurityRule_Crosswalk_2024,1
2075,4047,,1,HIPAA.CSFv1-1_SecurityRule_Crosswalk_2024,1
2075,4049,,1,HIPAA.CSFv1-1_SecurityRule_Crosswalk_2024,1
2075,4050,,1,HIPAA.CSFv1-1_SecurityRule_Crosswalk_2024,1
2075,4051,,1,HIPAA.CSFv1-1_SecurityRule_Crosswalk_2024,1
2075,4052,,1,HIPAA.CSFv1-1_SecurityRule_Crosswalk_2024,1
2075,4053,,1,HIPAA.CSFv1-1_SecurityRule_Crosswalk_2024,1
2075,4054,,1,HIPAA.CSFv1-1_SecurityRule_Crosswalk_2024,1
2075,4056,,1,HIPAA.CSFv1-1_SecurityRule_Crosswalk_2024,1
2075,4057,,1,HIPAA.CSFv1-1_SecurityRule_Crosswalk_2024,1
2075,4058,,1,HIPAA.CSFv1-1_SecurityRule_Crosswalk_2024,1
2075,4059,,1,HIPAA.CSFv1-1_SecurityRule_Crosswalk_2024,1
2075,4087,,1,HIPAA.CSFv1-1_SecurityRule_Crosswalk_2024,1
2076,4056,,1,HIPAA.CSFv1-1_SecurityRule_Crosswalk_2024,1
2076,4057,,1,HIPAA.CSFv1-1_SecurityRule_Crosswalk_2024,1
2077,4042,,1,HIPAA.CSFv1-1_SecurityRule_Crosswalk_2024,1
2077,4044,,1,HIPAA.CSFv1-1_SecurityRule_Crosswalk_2024,1
2077,4087,,1,HIPAA.CSFv1-1_SecurityRule_Crosswalk_2024,1
2078,4037,,1,HIPAA.CSFv1-1_SecurityRule_Crosswalk_2024,1
2079,4035,,1,HIPAA.CSFv1-1_SecurityRule_Crosswalk_2024,1
2079,4037,,1,HIPAA.CSFv1-1_SecurityRule_Crosswalk_2024,1
2079,4039,,1,HIPAA.CSFv1-1_SecurityRule_Crosswalk_2024,1
2079,4040,,1,HIPAA.CSFv1-1_SecurityRule_Crosswalk_2024,1
2079,4041,,1,HIPAA.CSFv1-1_SecurityRule_Crosswalk_2024,1
2079,4042,,1,HIPAA.CSFv1-1_SecurityRule_Crosswalk_2024,1
2079,4043,,1,HIPAA.CSFv1-1_SecurityRule_Crosswalk_2024,1
2079,4049,,1,HIPAA.CSFv1-1_SecurityRule_Crosswalk_2024,1
2079,4062,,1,HIPAA.CSFv1-1_SecurityRule_Crosswalk_2024,1
2069,4042,,1,HIPAA.CSFv1-1_SecurityRule_Crosswalk_2024,1
2070,4020,,1,HIPAA.CSFv1-1_SecurityRule_Crosswalk_2024,1
2070,4022,,1,HIPAA.CSFv1-1_SecurityRule_Crosswalk_2024,1
2070,4024,,1,HIPAA.CSFv1-1_SecurityRule_Crosswalk_2024,1
2070,4025,,1,HIPAA.CSFv1-1_SecurityRule_Crosswalk_2024,1
2070,4026,,1,HIPAA.CSFv1-1_SecurityRule_Crosswalk_2024,1
2071,4016,,1,HIPAA.CSFv1-1_SecurityRule_Crosswalk_2024,1
2071,4018,,1,HIPAA.CSFv1-1_SecurityRule_Crosswalk_2024,1
2071,4019,,1,HIPAA.CSFv1-1_SecurityRule_Crosswalk_2024,1
2080,4024,,1,HIPAA.CSFv1-1_SecurityRule_Crosswalk_2024,1
2080,4052,,1,HIPAA.CSFv1-1_SecurityRule_Crosswalk_2024,1
2081,4021,,1,HIPAA.CSFv1-1_SecurityRule_Crosswalk_2024,1
2081,4024,,1,HIPAA.CSFv1-1_SecurityRule_Crosswalk_2024,1
2081,4054,,1,HIPAA.CSFv1-1_SecurityRule_Crosswalk_2024,1
2081,4057,,1,HIPAA.CSFv1-1_SecurityRule_Crosswalk_2024,1
2081,4058,,1,HIPAA.CSFv1-1_SecurityRule_Crosswalk_2024,1
2081,4059,,1,HIPAA.CSFv1-1_SecurityRule_Crosswalk_2024,1
2081,4061,,1,HIPAA.CSFv1-1_SecurityRule_Crosswalk_2024,1
2081,4062,,1,HIPAA.CSFv1-1_SecurityRule_Crosswalk_2024,1
2081,4063,,1,HIPAA.CSFv1-1_SecurityRule_Crosswalk_2024,1
2081,4064,,1,HIPAA.CSFv1-1_SecurityRule_Crosswalk_2024,1
2081,4065,,1,HIPAA.CSFv1-1_SecurityRule_Crosswalk_2024,1
2081,4068,,1,HIPAA.CSFv1-1_SecurityRule_Crosswalk_2024,1
2081,4069,,1,HIPAA.CSFv1-1_SecurityRule_Crosswalk_2024,1
2081,4070,,1,HIPAA.CSFv1-1_SecurityRule_Crosswalk_2024,1
2081,4071,,1,HIPAA.CSFv1-1_SecurityRule_Crosswalk_2024,1
2082,4021,,1,HIPAA.CSFv1-1_SecurityRule_Crosswalk_2024,1
2082,4034,,1,HIPAA.CSFv1-1_SecurityRule_Crosswalk_2024,1
2082,4052,,1,HIPAA.CSFv1-1_SecurityRule_Crosswalk_2024,1
2082,4058,,1,HIPAA.CSFv1-1_SecurityRule_Crosswalk_2024,1
2082,4065,,1,HIPAA.CSFv1-1_SecurityRule_Crosswalk_2024,1
2083,4022,,1,HIPAA.CSFv1-1_SecurityRule_Crosswalk_2024,1
2083,4024,,1,HIPAA.CSFv1-1_SecurityRule_Crosswalk_2024,1
2083,4054,,1,HIPAA.CSFv1-1_SecurityRule_Crosswalk_2024,1
2083,4056,,1,HIPAA.CSFv1-1_SecurityRule_Crosswalk_2024,1
2083,4057,,1,HIPAA.CSFv1-1_SecurityRule_Crosswalk_2024,1
2083,4058,,1,HIPAA.CSFv1-1_SecurityRule_Crosswalk_2024,1
2083,4059,,1,HIPAA.CSFv1-1_SecurityRule_Crosswalk_2024,1
2083,4064,,1,HIPAA.CSFv1-1_SecurityRule_Crosswalk_2024,1
2083,4065,,1,HIPAA.CSFv1-1_SecurityRule_Crosswalk_2024,1
2084,4022,,1,HIPAA.CSFv1-1_SecurityRule_Crosswalk_2024,1
2084,4024,,1,HIPAA.CSFv1-1_SecurityRule_Crosswalk_2024,1
2084,4025,,1,HIPAA.CSFv1-1_SecurityRule_Crosswalk_2024,1
2084,4026,,1,HIPAA.CSFv1-1_SecurityRule_Crosswalk_2024,1
2084,4028,,1,HIPAA.CSFv1-1_SecurityRule_Crosswalk_2024,1
2084,4029,,1,HIPAA.CSFv1-1_SecurityRule_Crosswalk_2024,1
2084,4030,,1,HIPAA.CSFv1-1_SecurityRule_Crosswalk_2024,1
2084,4051,,1,HIPAA.CSFv1-1_SecurityRule_Crosswalk_2024,1
2084,4053,,1,HIPAA.CSFv1-1_SecurityRule_Crosswalk_2024,1
2084,4054,,1,HIPAA.CSFv1-1_SecurityRule_Crosswalk_2024,1
2084,4059,,1,HIPAA.CSFv1-1_SecurityRule_Crosswalk_2024,1
2084,4061,,1,HIPAA.CSFv1-1_SecurityRule_Crosswalk_2024,1
2084,4062,,1,HIPAA.CSFv1-1_SecurityRule_Crosswalk_2024,1
2084,4064,,1,HIPAA.CSFv1-1_SecurityRule_Crosswalk_2024,1
2085,4021,,1,HIPAA.CSFv1-1_SecurityRule_Crosswalk_2024,1
2085,4059,,1,HIPAA.CSFv1-1_SecurityRule_Crosswalk_2024,1
2085,4065,,1,HIPAA.CSFv1-1_SecurityRule_Crosswalk_2024,1
2085,4069,,1,HIPAA.CSFv1-1_SecurityRule_Crosswalk_2024,1
2085,4070,,1,HIPAA.CSFv1-1_SecurityRule_Crosswalk_2024,1
2085,4071,,1,HIPAA.CSFv1-1_SecurityRule_Crosswalk_2024,1
2086,4037,,1,HIPAA.CSFv1-1_SecurityRule_Crosswalk_2024,1
2086,4039,,1,HIPAA.CSFv1-1_SecurityRule_Crosswalk_2024,1
2086,4040,,1,HIPAA.CSFv1-1_SecurityRule_Crosswalk_2024,1
2086,4041,,1,HIPAA.CSFv1-1_SecurityRule_Crosswalk_2024,1
2086,4042,,1,HIPAA.CSFv1-1_SecurityRule_Crosswalk_2024,1
2086,4043,,1,HIPAA.CSFv1-1_SecurityRule_Crosswalk_2024,1
2086,4049,,1,HIPAA.CSFv1-1_SecurityRule_Crosswalk_2024,1
2086,4059,,1,HIPAA.CSFv1-1_SecurityRule_Crosswalk_2024,1
2086,4062,,1,HIPAA.CSFv1-1_SecurityRule_Crosswalk_2024,1
2001,4021,,1,HIPAA.CSFv1-1_SecurityRule_Crosswalk_2024,1
2001,4065,,1,HIPAA.CSFv1-1_SecurityRule_Crosswalk_2024,1
2002,4035,,1,HIPAA.CSFv1-1_SecurityRule_Crosswalk_2024,1
2003,4021,,1,HIPAA.CSFv1-1_SecurityRule_Crosswalk_2024,1
2003,4033,,1,HIPAA.CSFv1-1_SecurityRule_Crosswalk_2024,1
2003,4034,,1,HIPAA.CSFv1-1_SecurityRule_Crosswalk_2024,1
2003,4037,,1,HIPAA.CSFv1-1_SecurityRule_Crosswalk_2024,1
2003,4044,,1,HIPAA.CSFv1-1_SecurityRule_Crosswalk_2024,1
2003,4058,,1,HIPAA.CSFv1-1_SecurityRule_Crosswalk_2024,1
2003,4065,,1,HIPAA.CSFv1-1_SecurityRule_Crosswalk_2024,1
2003,4072,,1,HIPAA.CSFv1-1_SecurityRule_Crosswalk_2024,1
2003,4076,,1,HIPAA.CSFv1-1_SecurityRule_Crosswalk_2024,1
2004,4037,,1,HIPAA.CSFv1-1_SecurityRule_Crosswalk_2024,1
2005,4035,,1,HIPAA.CSFv1-1_SecurityRule_Crosswalk_2024,1
2006,4021,,1,HIPAA.CSFv1-1_SecurityRule_Crosswalk_2024,1
2006,4033,,1,HIPAA.CSFv1-1_SecurityRule_Crosswalk_2024,1
2006,4034,,1,HIPAA.CSFv1-1_SecurityRule_Crosswalk_2024,1
2006,4044,,1,HIPAA.CSFv1-1_SecurityRule_Crosswalk_2024,1
2006,4065,,1,HIPAA.CSFv1-1_SecurityRule_Crosswalk_2024,1
2006,4070,,1,HIPAA.CSFv1-1_SecurityRule_Crosswalk_2024,1
2007,4050,,1,HIPAA.CSFv1-1_SecurityRule_Crosswalk_2024,1
2007,4051,,1,HIPAA.CSFv1-1_SecurityRule_Crosswalk_2024,1
2008,4021,,1,HIPAA.CSFv1-1_SecurityRule_Crosswalk_2024,1
2008,4024,,1,HIPAA.CSFv1-1_SecurityRule_Crosswalk_2024,1
2008,4034,,1,HIPAA.CSFv1-1_SecurityRule_Crosswalk_2024,1
2008,4061,,1,HIPAA.CSFv1-1_SecurityRule_Crosswalk_2024,1
2008,4065,,1,HIPAA.CSFv1-1_SecurityRule_Crosswalk_2024,1
2008,4068,,1,HIPAA.CSFv1-1_SecurityRule_Crosswalk_2024,1
2008,4069,,1,HIPAA.CSFv1-1_SecurityRule_Crosswalk_2024,1
2008,4070,,1,HIPAA.CSFv1-1_SecurityRule_Crosswalk_2024,1
2008,4071,,1,HIPAA.CSFv1-1_SecurityRule_Crosswalk_2024,1
2009,4021,,1,HIPAA.CSFv1-1_SecurityRule_Crosswalk_2024,1
2009,4033,,1,HIPAA.CSFv1-1_SecurityRule_Crosswalk_2024,1
2010,4021,,1,HIPAA.CSFv1-1_SecurityRule_Crosswalk_2024,1
2010,4033,,1,HIPAA.CSFv1-1_SecurityRule_Crosswalk_2024,1
2011,4021,,1,HIPAA.CSFv1-1_SecurityRule_Crosswalk_2024,1
2012,4021,,1,HIPAA.CSFv1-1_SecurityRule_Crosswalk_2024,1
2012,4033,,1,HIPAA.CSFv1-1_SecurityRule_Crosswalk_2024,1
2012,4034,,1,HIPAA.CSFv1-1_SecurityRule_Crosswalk_2024,1
2012,4047,,1,HIPAA.CSFv1-1_SecurityRule_Crosswalk_2024,1
2012,4050,,1,HIPAA.CSFv1-1_SecurityRule_Crosswalk_2024,1
2012,4051,,1,HIPAA.CSFv1-1_SecurityRule_Crosswalk_2024,1
2012,4053,,1,HIPAA.CSFv1-1_SecurityRule_Crosswalk_2024,1
2012,4054,,1,HIPAA.CSFv1-1_SecurityRule_Crosswalk_2024,1
2012,4058,,1,HIPAA.CSFv1-1_SecurityRule_Crosswalk_2024,1
2012,4065,,1,HIPAA.CSFv1-1_SecurityRule_Crosswalk_2024,1
2012,4078,,1,HIPAA.CSFv1-1_SecurityRule_Crosswalk_2024,1
2013,4016,,1,HIPAA.CSFv1-1_SecurityRule_Crosswalk_2024,1
2013,4044,,1,HIPAA.CSFv1-1_SecurityRule_Crosswalk_2024,1
2014,4022,,1,HIPAA.CSFv1-1_SecurityRule_Crosswalk_2024,1
2014,4024,,1,HIPAA.CSFv1-1_SecurityRule_Crosswalk_2024,1
2014,4025,,1,HIPAA.CSFv1-1_SecurityRule_Crosswalk_2024,1
2014,4026,,1,HIPAA.CSFv1-1_SecurityRule_Crosswalk_2024,1
2014,4028,,1,HIPAA.CSFv1-1_SecurityRule_Crosswalk_2024,1
2014,4029,,1,HIPAA.CSFv1-1_SecurityRule_Crosswalk_2024,1
2014,4030,,1,HIPAA.CSFv1-1_SecurityRule_Crosswalk_2024,1
2014,4051,,1,HIPAA.CSFv1-1_SecurityRule_Crosswalk_2024,1
2014,4059,,1,HIPAA.CSFv1-1_SecurityRule_Crosswalk_2024,1
2014,4062,,1,HIPAA.CSFv1-1_SecurityRule_Crosswalk_2024,1
2015,4016,,1,HIPAA.CSFv1-1_SecurityRule_Crosswalk_2024,1
2015,4044,,1,HIPAA.CSFv1-1_SecurityRule_Crosswalk_2024,1
2017,4037,,1,HIPAA.CSFv1-1_SecurityRule_Crosswalk_2024,1
2017,4072,,1,HIPAA.CSFv1-1_SecurityRule_Crosswalk_2024,1
2017,4076,,1,HIPAA.CSFv1-1_SecurityRule_Crosswalk_2024,1
2018,4044,,1,HIPAA.CSFv1-1_SecurityRule_Crosswalk_2024,1
2087,4037,,1,HIPAA.CSFv1-1_SecurityRule_Crosswalk_2024,1
2087,4039,,1,HIPAA.CSFv1-1_SecurityRule_Crosswalk_2024,1
2087,4040,,1,HIPAA.CSFv1-1_SecurityRule_Crosswalk_2024,1
2087,4041,,1,HIPAA.CSFv1-1_SecurityRule_Crosswalk_2024,1
2087,4049,,1,HIPAA.CSFv1-1_SecurityRule_Crosswalk_2024,1
2087,4062,,1,HIPAA.CSFv1-1_SecurityRule_Crosswalk_2024,1
2098,4022,,1,HIPAA.CSFv1-1_SecurityRule_Crosswalk_2024,1
2098,4035,,1,HIPAA.CSFv1-1_SecurityRule_Crosswalk_2024,1
2098,4039,,1,HIPAA.CSFv1-1_SecurityRule_Crosswalk_2024,1
2098,4040,,1,HIPAA.CSFv1-1_SecurityRule_Crosswalk_2024,1
2098,4041,,1,HIPAA.CSFv1-1_SecurityRule_Crosswalk_2024,1
2098,4049,,1,HIPAA.CSFv1-1_SecurityRule_Crosswalk_2024,1
2098,4062,,1,HIPAA.CSFv1-1_SecurityRule_Crosswalk_2024,1
2099,4033,,1,HIPAA.CSFv1-1_SecurityRule_Crosswalk_2024,1
2099,4034,,1,HIPAA.CSFv1-1_SecurityRule_Crosswalk_2024,1
2099,4037,,1,HIPAA.CSFv1-1_SecurityRule_Crosswalk_2024,1
2099,4072,,1,HIPAA.CSFv1-1_SecurityRule_Crosswalk_2024,1
2099,4076,,1,HIPAA.CSFv1-1_SecurityRule_Crosswalk_2024,1
2100,4033,,1,HIPAA.CSFv1-1_SecurityRule_Crosswalk_2024,1
2100,4034,,1,HIPAA.CSFv1-1_SecurityRule_Crosswalk_2024,1
2100,4037,,1,HIPAA.CSFv1-1_SecurityRule_Crosswalk_2024,1
2100,4072,,1,HIPAA.CSFv1-1_SecurityRule_Crosswalk_2024,1
2100,4076,,1,HIPAA.CSFv1-1_SecurityRule_Crosswalk_2024,1
2101,4035,,1,HIPAA.CSFv1-1_SecurityRule_Crosswalk_2024,1
2101,4037,,1,HIPAA.CSFv1-1_SecurityRule_Crosswalk_2024,1
2101,4039,,1,HIPAA.CSFv1-1_SecurityRule_Crosswalk_2024,1
2101,4040,,1,HIPAA.CSFv1-1_SecurityRule_Crosswalk_2024,1
2101,4041,,1,HIPAA.CSFv1-1_SecurityRule_Crosswalk_2024,1
2101,4042,,1,HIPAA.CSFv1-1_SecurityRule_Crosswalk_2024,1
2101,4043,,1,HIPAA.CSFv1-1_SecurityRule_Crosswalk_2024,1
2101,4049,,1,HIPAA.CSFv1-1_SecurityRule_Crosswalk_2024,1
2101,4062,,1,HIPAA.CSFv1-1_SecurityRule_Crosswalk_2024,1
2102,4035,,1,HIPAA.CSFv1-1_SecurityRule_Crosswalk_2024,1
2102,4037,,1,HIPAA.CSFv1-1_SecurityRule_Crosswalk_2024,1
2093,4016,,1,HIPAA.CSFv1-1_SecurityRule_Crosswalk_2024,1
2093,4021,,1,HIPAA.CSFv1-1_SecurityRule_Crosswalk_2024,1
2093,4033,,1,HIPAA.CSFv1-1_SecurityRule_Crosswalk_2024,1
2093,4034,,1,HIPAA.CSFv1-1_SecurityRule_Crosswalk_2024,1
2093,4037,,1,HIPAA.CSFv1-1_SecurityRule_Crosswalk_2024,1
2093,4065,,1,HIPAA.CSFv1-1_SecurityRule_Crosswalk_2024,1
2094,4037,,1,HIPAA.CSFv1-1_SecurityRule_Crosswalk_2024,1
2094,4040,,1,HIPAA.CSFv1-1_SecurityRule_Crosswalk_2024,1
2094,4041,,1,HIPAA.CSFv1-1_SecurityRule_Crosswalk_2024,1
2094,4043,,1,HIPAA.CSFv1-1_SecurityRule_Crosswalk_2024,1
2095,4035,,1,HIPAA.CSFv1-1_SecurityRule_Crosswalk_2024,1
2095,4037,,1,HIPAA.CSFv1-1_SecurityRule_Crosswalk_2024,1
2096,4037,,1,HIPAA.CSFv1-1_SecurityRule_Crosswalk_2024,1
2097,4016,,1,HIPAA.CSFv1-1_SecurityRule_Crosswalk_2024,1
2097,4018,,1,HIPAA.CSFv1-1_SecurityRule_Crosswalk_2024,1
2097,4019,,1,HIPAA.CSFv1-1_SecurityRule_Crosswalk_2024,1
2097,4037,,1,HIPAA.CSFv1-1_SecurityRule_Crosswalk_2024,1
2105,4037,,1,HIPAA.CSFv1-1_SecurityRule_Crosswalk_2024,1
2106,4037,,1,HIPAA.CSFv1-1_SecurityRule_Crosswalk_2024,1
2107,4018,,1,HIPAA.CSFv1-1_SecurityRule_Crosswalk_2024,1
2107,4019,,1,HIPAA.CSFv1-1_SecurityRule_Crosswalk_2024,1
2107,4037,,1,HIPAA.CSFv1-1_SecurityRule_Crosswalk_2024,1
2103,4042,,1,HIPAA.CSFv1-1_SecurityRule_Crosswalk_2024,1
2103,4044,,1,HIPAA.CSFv1-1_SecurityRule_Crosswalk_2024,1
2103,4087,,1,HIPAA.CSFv1-1_SecurityRule_Crosswalk_2024,1
2104,4042,,1,HIPAA.CSFv1-1_SecurityRule_Crosswalk_2024,1
2104,4044,,1,HIPAA.CSFv1-1_SecurityRule_Crosswalk_2024,1
2092,4037,,1,HIPAA.CSFv1-1_SecurityRule_Crosswalk_2024,1
2092,4039,,1,HIPAA.CSFv1-1_SecurityRule_Crosswalk_2024,1
2092,4040,,1,HIPAA.CSFv1-1_SecurityRule_Crosswalk_2024,1
2092,4041,,1,HIPAA.CSFv1-1_SecurityRule_Crosswalk_2024,1
2092,4042,,1,HIPAA.CSFv1-1_SecurityRule_Crosswalk_2024,1
2092,4043,,1,HIPAA.CSFv1-1_SecurityRule_Crosswalk_2024,1
2092,4049,,1,HIPAA.CSFv1-1_SecurityRule_Crosswalk_2024,1
2090,4042,,1,HIPAA.CSFv1-1_SecurityRule_Crosswalk_2024,1
2090,4044,,1,HIPAA.CSFv1-1_SecurityRule_Crosswalk_2024,1
2090,4087,,1,HIPAA.CSFv1-1_SecurityRule_Crosswalk_2024,1
2091,4042,,1,HIPAA.CSFv1-1_SecurityRule_Crosswalk_2024,1
2091,4044,,1,HIPAA.CSFv1-1_SecurityRule_Crosswalk_2024,1
2087,4035,,1,HIPAA.CSFv1-1_SecurityRule_Crosswalk_2024,1
2088,4035,,1,HIPAA.CSFv1-1_SecurityRule_Crosswalk_2024,1
2089,4037,,1,HIPAA.CSFv1-1_SecurityRule_Crosswalk_2024,1
2089,4040,,1,HIPAA.CSFv1-1_SecurityRule_Crosswalk_2024,1
2089,4041,,1,HIPAA.CSFv1-1_SecurityRule_Crosswalk_2024,1
2089,4049,,1,HIPAA.CSFv1-1_SecurityRule_Crosswalk_2024,1
2089,4072,,1,HIPAA.CSFv1-1_SecurityRule_Crosswalk_2024,1
2089,4076,,1,HIPAA.CSFv1-1_SecurityRule_Crosswalk_2024,1
5002,3017,,2,"secure-controls-framework-scf-2025-1-1",0
5002,3018,,2,"secure-controls-framework-scf-2025-1-1",0
5002,3019,,2,"secure-controls-framework-scf-2025-1-1",0
5002,3022,,2,"secure-controls-framework-scf-2025-1-1",0
5002,3024,,2,"secure-controls-framework-scf-2025-1-1",0
5002,3029,,2,"secure-controls-framework-scf-2025-1-1",0
5002,3033,,2,"secure-controls-framework-scf-2025-1-1",0
5002,3035,,2,"secure-controls-framework-scf-2025-1-1",0
5002,3041,,2,"secure-controls-framework-scf-2025-1-1",0
5003,3017,,2,"secure-controls-framework-scf-2025-1-1",0
5003,3019,,2,"secure-controls-framework-scf-2025-1-1",0
5003,3041,,2,"secure-controls-framework-scf-2025-1-1",0
5004,3020,,2,"secure-controls-framework-scf-2025-1-1",0
5004,3033,,2,"secure-controls-framework-scf-2025-1-1",0
5004,3035,,2,"secure-controls-framework-scf-2025-1-1",0
5005,3061,,2,"secure-controls-framework-scf-2025-1-1",0
5006,3017,,2,"secure-controls-framework-scf-2025-1-1",0
5006,3018,,2,"secure-controls-framework-scf-2025-1-1",0
5006,3021,,2,"secure-controls-framework-scf-2025-1-1",0
5007,3030,,2,"secure-controls-framework-scf-2025-1-1",0
5008,3026,,2,"secure-controls-framework-scf-2025-1-1",0
5008,3029,,2,"secure-controls-framework-scf-2025-1-1",0
5009,3017,,2,"secure-controls-framework-scf-2025-1-1",0
5009,3019,,2,"secure-controls-framework-scf-2025-1-1",0
5009,3041,,2,"secure-controls-framework-scf-2025-1-1",0
5009,3053,,2,"secure-controls-framework-scf-2025-1-1",0
5010,3022,,2,"secure-controls-framework-scf-2025-1-1",0
5011,3056,,2,"secure-controls-framework-scf-2025-1-1",0
5012,3012,,2,"secure-controls-framework-scf-2025-1-1",0
5012,3015,,2,"secure-controls-framework-scf-2025-1-1",0
5012,3017,,2,"secure-controls-framework-scf-2025-1-1",0
5012,3035,,2,"secure-controls-framework-scf-2025-1-1",0
5013,3035,,2,"secure-controls-framework-scf-2025-1-1",0
5014,3003,,2,"secure-controls-framework-scf-2025-1-1",0
5016,3036,,2,"secure-controls-framework-scf-2025-1-1",0
5017,3013,,2,"secure-controls-framework-scf-2025-1-1",0
5017,3050,,2,"secure-controls-framework-scf-2025-1-1",0
5018,3043,,2,"secure-controls-framework-scf-2025-1-1",0
5018,3044,,2,"secure-controls-framework-scf-2025-1-1",0
5022,3047,,2,"secure-controls-framework-scf-2025-1-1",0
5023,3045,,2,"secure-controls-framework-scf-2025-1-1",0
5024,3063,,2,"secure-controls-framework-scf-2025-1-1",0
5025,3063,,2,"secure-controls-framework-scf-2025-1-1",0
5026,3054,,2,"secure-controls-framework-scf-2025-1-1",0
5026,3078,,2,"secure-controls-framework-scf-2025-1-1",0
5026,3079,,2,"secure-controls-framework-scf-2025-1-1",0
5028,3040,,2,"secure-controls-framework-scf-2025-1-1",0
5029,3090,,2,"secure-controls-framework-scf-2025-1-1",0
5029,3092,,2,"secure-controls-framework-scf-2025-1-1",0
5030,3089,,2,"secure-controls-framework-scf-2025-1-1",0
5030,3105,,2,"secure-controls-framework-scf-2025-1-1",0
5031,3087,,2,"secure-controls-framework-scf-2025-1-1",0
5032,3015,,2,"secure-controls-framework-scf-2025-1-1",0
5032,3016,,2,"secure-controls-framework-scf-2025-1-1",0
5032,3047,,2,"secure-controls-framework-scf-2025-1-1",0
5033,3090,,2,"secure-controls-framework-scf-2025-1-1",0
5033,3092,,2,"secure-controls-framework-scf-2025-1-1",0
5034,3052,,2,"secure-controls-framework-scf-2025-1-1",0
5034,3053,,2,"secure-controls-framework-scf-2025-1-1",0
5035,3054,,2,"secure-controls-framework-scf-2025-1-1",0
5037,3076,,2,"secure-controls-framework-scf-2025-1-1",0
5038,3076,,2,"secure-controls-framework-scf-2025-1-1",0
5039,3076,,2,"secure-controls-framework-scf-2025-1-1",0
5040,3089,,2,"secure-controls-framework-scf-2025-1-1",0
5040,3093,,2,"secure-controls-framework-scf-2025-1-1",0
5042,3091,,2,"secure-controls-framework-scf-2025-1-1",0
5043,3080,,2,"secure-controls-framework-scf-2025-1-1",0
5044,3080,,2,"secure-controls-framework-scf-2025-1-1",0
5045,3080,,2,"secure-controls-framework-scf-2025-1-1",0
5046,3080,,2,"secure-controls-framework-scf-2025-1-1",0
5047,3080,,2,"secure-controls-framework-scf-2025-1-1",0
5048,3061,,2,"secure-controls-framework-scf-2025-1-1",0
5050,3061,,2,"secure-controls-framework-scf-2025-1-1",0
5051,3061,,2,"secure-controls-framework-scf-2025-1-1",0
5052,3061,,2,"secure-controls-framework-scf-2025-1-1",0
5053,3061,,2,"secure-controls-framework-scf-2025-1-1",0
5054,3014,,2,"secure-controls-framework-scf-2025-1-1",0
5055,3037,,2,"secure-controls-framework-scf-2025-1-1",0
5056,3014,,2,"secure-controls-framework-scf-2025-1-1",0
5058,3051,,2,"secure-controls-framework-scf-2025-1-1",0
5058,3052,,2,"secure-controls-framework-scf-2025-1-1",0
5059,3081,,2,"secure-controls-framework-scf-2025-1-1",0
5059,3085,,2,"secure-controls-framework-scf-2025-1-1",0
5060,3075,,2,"secure-controls-framework-scf-2025-1-1",0
5060,3085,,2,"secure-controls-framework-scf-2025-1-1",0
5064,3085,,2,"secure-controls-framework-scf-2025-1-1",0
5065,3085,,2,"secure-controls-framework-scf-2025-1-1",0
5066,3009,,2,"secure-controls-framework-scf-2025-1-1",0
5066,3010,,2,"secure-controls-framework-scf-2025-1-1",0
5067,3007,,2,"secure-controls-framework-scf-2025-1-1",0
5068,3007,,2,"secure-controls-framework-scf-2025-1-1",0
5069,3007,,2,"secure-controls-framework-scf-2025-1-1",0
5069,3084,,2,"secure-controls-framework-scf-2025-1-1",0
5070,3011,,2,"secure-controls-framework-scf-2025-1-1",0
5071,3004,,2,"secure-controls-framework-scf-2025-1-1",0
5071,3007,,2,"secure-controls-framework-scf-2025-1-1",0
5072,3004,,2,"secure-controls-framework-scf-2025-1-1",0
5074,3002,,2,"secure-controls-framework-scf-2025-1-1",0
5074,3004,,2,"secure-controls-framework-scf-2025-1-1",0
5075,3084,,2,"secure-controls-framework-scf-2025-1-1",0
5078,3009,,2,"secure-controls-framework-scf-2025-1-1",0
5079,3010,,2,"secure-controls-framework-scf-2025-1-1",0
5080,3009,,2,"secure-controls-framework-scf-2025-1-1",0
5081,3010,,2,"secure-controls-framework-scf-2025-1-1",0
5082,3074,,2,"secure-controls-framework-scf-2025-1-1",0
5082,3075,,2,"secure-controls-framework-scf-2025-1-1",0
5083,3073,,2,"secure-controls-framework-scf-2025-1-1",0
5084,3074,,2,"secure-controls-framework-scf-2025-1-1",0
5085,3074,,2,"secure-controls-framework-scf-2025-1-1",0
5086,3073,,2,"secure-controls-framework-scf-2025-1-1",0
5087,3073,,2,"secure-controls-framework-scf-2025-1-1",0
5087,3074,,2,"secure-controls-framework-scf-2025-1-1",0
5087,3075,,2,"secure-controls-framework-scf-2025-1-1",0
5088,3050,,2,"secure-controls-framework-scf-2025-1-1",0
5092,3047,,2,"secure-controls-framework-scf-2025-1-1",0
5095,3049,,2,"secure-controls-framework-scf-2025-1-1",0
5096,3049,,2,"secure-controls-framework-scf-2025-1-1",0
5097,3045,,2,"secure-controls-framework-scf-2025-1-1",0
5098,3011,,2,"secure-controls-framework-scf-2025-1-1",0
5099,3085,,2,"secure-controls-framework-scf-2025-1-1",0
5100,3011,,2,"secure-controls-framework-scf-2025-1-1",0
5101,3011,,2,"secure-controls-framework-scf-2025-1-1",0
5102,3032,,2,"secure-controls-framework-scf-2025-1-1",0
5103,3030,,2,"secure-controls-framework-scf-2025-1-1",0
5103,3069,,2,"secure-controls-framework-scf-2025-1-1",0
5104,3026,,2,"secure-controls-framework-scf-2025-1-1",0
5104,3030,,2,"secure-controls-framework-scf-2025-1-1",0
5105,3032,,2,"secure-controls-framework-scf-2025-1-1",0
5108,3020,,2,"secure-controls-framework-scf-2025-1-1",0
5108,3021,,2,"secure-controls-framework-scf-2025-1-1",0
5109,3020,,2,"secure-controls-framework-scf-2025-1-1",0
5109,3021,,2,"secure-controls-framework-scf-2025-1-1",0
5110,3069,,2,"secure-controls-framework-scf-2025-1-1",0
5112,3067,,2,"secure-controls-framework-scf-2025-1-1",0
5112,3068,,2,"secure-controls-framework-scf-2025-1-1",0
5112,3069,,2,"secure-controls-framework-scf-2025-1-1",0
5113,3065,,2,"secure-controls-framework-scf-2025-1-1",0
5113,3067,,2,"secure-controls-framework-scf-2025-1-1",0
5113,3069,,2,"secure-controls-framework-scf-2025-1-1",0
5114,3068,,2,"secure-controls-framework-scf-2025-1-1",0
5115,3065,,2,"secure-controls-framework-scf-2025-1-1",0
5115,3067,,2,"secure-controls-framework-scf-2025-1-1",0
5115,3069,,2,"secure-controls-framework-scf-2025-1-1",0
5116,3068,,2,"secure-controls-framework-scf-2025-1-1",0
5117,3065,,2,"secure-controls-framework-scf-2025-1-1",0
5117,3067,,2,"secure-controls-framework-scf-2025-1-1",0
5117,3069,,2,"secure-controls-framework-scf-2025-1-1",0
5118,3065,,2,"secure-controls-framework-scf-2025-1-1",0
5118,3067,,2,"secure-controls-framework-scf-2025-1-1",0
5118,3069,,2,"secure-controls-framework-scf-2025-1-1",0
5119,3069,,2,"secure-controls-framework-scf-2025-1-1",0
5120,3069,,2,"secure-controls-framework-scf-2025-1-1",0
5120,3075,,2,"secure-controls-framework-scf-2025-1-1",0
5121,3066,,2,"secure-controls-framework-scf-2025-1-1",0
5122,3040,,2,"secure-controls-framework-scf-2025-1-1",0
5123,3002,,2,"secure-controls-framework-scf-2025-1-1",0
5123,3094,,2,"secure-controls-framework-scf-2025-1-1",0
5123,3096,,2,"secure-controls-framework-scf-2025-1-1",0
5123,3099,,2,"secure-controls-framework-scf-2025-1-1",0
5123,3100,,2,"secure-controls-framework-scf-2025-1-1",0
5123,3102,,2,"secure-controls-framework-scf-2025-1-1",0
5123,3104,,2,"secure-controls-framework-scf-2025-1-1",0
5123,3106,,2,"secure-controls-framework-scf-2025-1-1",0
5123,3107,,2,"secure-controls-framework-scf-2025-1-1",0
5124,3001,,2,"secure-controls-framework-scf-2025-1-1",0
5124,3003,,2,"secure-controls-framework-scf-2025-1-1",0
5124,3004,,2,"secure-controls-framework-scf-2025-1-1",0
5124,3006,,2,"secure-controls-framework-scf-2025-1-1",0
5124,3098,,2,"secure-controls-framework-scf-2025-1-1",0
5124,3103,,2,"secure-controls-framework-scf-2025-1-1",0
5125,3002,,2,"secure-controls-framework-scf-2025-1-1",0
5125,3040,,2,"secure-controls-framework-scf-2025-1-1",0
5125,3101,,2,"secure-controls-framework-scf-2025-1-1",0
5127,3004,,2,"secure-controls-framework-scf-2025-1-1",0
5127,3101,,2,"secure-controls-framework-scf-2025-1-1",0
5127,3102,,2,"secure-controls-framework-scf-2025-1-1",0
5127,3104,,2,"secure-controls-framework-scf-2025-1-1",0
5128,3054,,2,"secure-controls-framework-scf-2025-1-1",0
5130,3004,,2,"secure-controls-framework-scf-2025-1-1",0
5130,3101,,2,"secure-controls-framework-scf-2025-1-1",0
5130,3104,,2,"secure-controls-framework-scf-2025-1-1",0
5131,3096,,2,"secure-controls-framework-scf-2025-1-1",0
5131,3097,,2,"secure-controls-framework-scf-2025-1-1",0
5132,3004,,2,"secure-controls-framework-scf-2025-1-1",0
5132,3094,,2,"secure-controls-framework-scf-2025-1-1",0
5132,3096,,2,"secure-controls-framework-scf-2025-1-1",0
5133,3004,,2,"secure-controls-framework-scf-2025-1-1",0
5133,3101,,2,"secure-controls-framework-scf-2025-1-1",0
5134,3099,,2,"secure-controls-framework-scf-2025-1-1",0
5134,3100,,2,"secure-controls-framework-scf-2025-1-1",0
5135,3099,,2,"secure-controls-framework-scf-2025-1-1",0
5135,3100,,2,"secure-controls-framework-scf-2025-1-1",0
5136,3052,,2,"secure-controls-framework-scf-2025-1-1",0
5136,3053,,2,"secure-controls-framework-scf-2025-1-1",0
5136,3095,,2,"secure-controls-framework-scf-2025-1-1",0
5137,3088,,2,"secure-controls-framework-scf-2025-1-1",0
5138,3055,,2,"secure-controls-framework-scf-2025-1-1",0
5139,3055,,2,"secure-controls-framework-scf-2025-1-1",0
5140,3051,,2,"secure-controls-framework-scf-2025-1-1",0
5140,3052,,2,"secure-controls-framework-scf-2025-1-1",0
5141,3037,,2,"secure-controls-framework-scf-2025-1-1",0
5142,3051,,2,"secure-controls-framework-scf-2025-1-1",0
5142,3052,,2,"secure-controls-framework-scf-2025-1-1",0
5142,3055,,2,"secure-controls-framework-scf-2025-1-1",0
5143,3082,,2,"secure-controls-framework-scf-2025-1-1",0
5143,3083,,2,"secure-controls-framework-scf-2025-1-1",0
5144,3082,,2,"secure-controls-framework-scf-2025-1-1",0
5144,3083,,2,"secure-controls-framework-scf-2025-1-1",0
5146,3082,,2,"secure-controls-framework-scf-2025-1-1",0
5146,3083,,2,"secure-controls-framework-scf-2025-1-1",0
5147,3077,,2,"secure-controls-framework-scf-2025-1-1",0
5148,3077,,2,"secure-controls-framework-scf-2025-1-1",0
5149,3009,,2,"secure-controls-framework-scf-2025-1-1",0
5150,3008,,2,"secure-controls-framework-scf-2025-1-1",0
5150,3070,,2,"secure-controls-framework-scf-2025-1-1",0
5150,3078,,2,"secure-controls-framework-scf-2025-1-1",0
5152,3070,,2,"secure-controls-framework-scf-2025-1-1",0
5153,3070,,2,"secure-controls-framework-scf-2025-1-1",0
5154,3008,,2,"secure-controls-framework-scf-2025-1-1",0
5155,3008,,2,"secure-controls-framework-scf-2025-1-1",0
5157,3078,,2,"secure-controls-framework-scf-2025-1-1",0
5158,3078,,2,"secure-controls-framework-scf-2025-1-1",0
5159,3078,,2,"secure-controls-framework-scf-2025-1-1",0
5160,3014,,2,"secure-controls-framework-scf-2025-1-1",0
5162,3049,,2,"secure-controls-framework-scf-2025-1-1",0
5163,3037,,2,"secure-controls-framework-scf-2025-1-1",0
5164,3031,,2,"secure-controls-framework-scf-2025-1-1",0
5165,3015,,2,"secure-controls-framework-scf-2025-1-1",0
5165,3017,,2,"secure-controls-framework-scf-2025-1-1",0
5166,3031,,2,"secure-controls-framework-scf-2025-1-1",0
5167,3031,,2,"secure-controls-framework-scf-2025-1-1",0
5168,3041,,2,"secure-controls-framework-scf-2025-1-1",0
5168,3050,,2,"secure-controls-framework-scf-2025-1-1",0
5168,3082,,2,"secure-controls-framework-scf-2025-1-1",0
5168,3083,,2,"secure-controls-framework-scf-2025-1-1",0
5169,3018,,2,"secure-controls-framework-scf-2025-1-1",0
5169,3019,,2,"secure-controls-framework-scf-2025-1-1",0
5169,3022,,2,"secure-controls-framework-scf-2025-1-1",0
5169,3024,,2,"secure-controls-framework-scf-2025-1-1",0
5169,3025,,2,"secure-controls-framework-scf-2025-1-1",0
5169,3033,,2,"secure-controls-framework-scf-2025-1-1",0
5169,3035,,2,"secure-controls-framework-scf-2025-1-1",0
5169,3037,,2,"secure-controls-framework-scf-2025-1-1",0
5169,3041,,2,"secure-controls-framework-scf-2025-1-1",0
5170,3012,,2,"secure-controls-framework-scf-2025-1-1",0
5170,3025,,2,"secure-controls-framework-scf-2025-1-1",0
5170,3027,,2,"secure-controls-framework-scf-2025-1-1",0
5170,3028,,2,"secure-controls-framework-scf-2025-1-1",0
5170,3059,,2,"secure-controls-framework-scf-2025-1-1",0
5170,3060,,2,"secure-controls-framework-scf-2025-1-1",0
5171,3023,,2,"secure-controls-framework-scf-2025-1-1",0
5171,3029,,2,"secure-controls-framework-scf-2025-1-1",0
5172,3029,,2,"secure-controls-framework-scf-2025-1-1",0
5173,3023,,2,"secure-controls-framework-scf-2025-1-1",0
5173,3029,,2,"secure-controls-framework-scf-2025-1-1",0
5175,3059,,2,"secure-controls-framework-scf-2025-1-1",0
5175,3060,,2,"secure-controls-framework-scf-2025-1-1",0
5178,3027,,2,"secure-controls-framework-scf-2025-1-1",0
5178,3059,,2,"secure-controls-framework-scf-2025-1-1",0
5179,3027,,2,"secure-controls-framework-scf-2025-1-1",0
5179,3055,,2,"secure-controls-framework-scf-2025-1-1",0
5180,3059,,2,"secure-controls-framework-scf-2025-1-1",0
5180,3060,,2,"secure-controls-framework-scf-2025-1-1",0
5182,3025,,2,"secure-controls-framework-scf-2025-1-1",0
5182,3059,,2,"secure-controls-framework-scf-2025-1-1",0
5182,3060,,2,"secure-controls-framework-scf-2025-1-1",0
5183,3025,,2,"secure-controls-framework-scf-2025-1-1",0
5183,3060,,2,"secure-controls-framework-scf-2025-1-1",0
5184,3033,,2,"secure-controls-framework-scf-2025-1-1",0
5184,3035,,2,"secure-controls-framework-scf-2025-1-1",0
5184,3037,,2,"secure-controls-framework-scf-2025-1-1",0
5184,3042,,2,"secure-controls-framework-scf-2025-1-1",0
5185,3041,,2,"secure-controls-framework-scf-2025-1-1",0
5186,3029,,2,"secure-controls-framework-scf-2025-1-1",0
5187,3077,,2,"secure-controls-framework-scf-2025-1-1",0
5189,3078,,2,"secure-controls-framework-scf-2025-1-1",0
5189,3079,,2,"secure-controls-framework-scf-2025-1-1",0
5190,3077,,2,"secure-controls-framework-scf-2025-1-1",0
5190,3079,,2,"secure-controls-framework-scf-2025-1-1",0
5192,3041,,2,"secure-controls-framework-scf-2025-1-1",0
5192,3050,,2,"secure-controls-framework-scf-2025-1-1",0
5192,3082,,2,"secure-controls-framework-scf-2025-1-1",0
5192,3083,,2,"secure-controls-framework-scf-2025-1-1",0
5197,3071,,2,"secure-controls-framework-scf-2025-1-1",0
5198,3072,,2,"secure-controls-framework-scf-2025-1-1",0
5199,3071,,2,"secure-controls-framework-scf-2025-1-1",0
5200,3072,,2,"secure-controls-framework-scf-2025-1-1",0
5202,3041,,2,"secure-controls-framework-scf-2025-1-1",0
5202,3086,,2,"secure-controls-framework-scf-2025-1-1",0
5203,3063,,2,"secure-controls-framework-scf-2025-1-1",0
5204,3016,,2,"secure-controls-framework-scf-2025-1-1",0
5206,3086,,2,"secure-controls-framework-scf-2025-1-1",0
5207,3012,,2,"secure-controls-framework-scf-2025-1-1",0
5207,3086,,2,"secure-controls-framework-scf-2025-1-1",0
5208,3086,,2,"secure-controls-framework-scf-2025-1-1",0
5209,3055,,2,"secure-controls-framework-scf-2025-1-1",0
5209,3086,,2,"secure-controls-framework-scf-2025-1-1",0
5210,3051,,2,"secure-controls-framework-scf-2025-1-1",0
5210,3052,,2,"secure-controls-framework-scf-2025-1-1",0
5212,3063,,2,"secure-controls-framework-scf-2025-1-1",0
5213,3063,,2,"secure-controls-framework-scf-2025-1-1",0
5214,3082,,2,"secure-controls-framework-scf-2025-1-1",0
5214,3083,,2,"secure-controls-framework-scf-2025-1-1",0
5215,3038,,2,"secure-controls-framework-scf-2025-1-1",0
5215,3042,,2,"secure-controls-framework-scf-2025-1-1",0
5216,3036,,2,"secure-controls-framework-scf-2025-1-1",0
5216,3039,,2,"secure-controls-framework-scf-2025-1-1",0
5216,3040,,2,"secure-controls-framework-scf-2025-1-1",0
5216,3043,,2,"secure-controls-framework-scf-2025-1-1",0
5216,3044,,2,"secure-controls-framework-scf-2025-1-1",0
5216,3046,,2,"secure-controls-framework-scf-2025-1-1",0
5216,3064,,2,"secure-controls-framework-scf-2025-1-1",0
5217,3015,,2,"secure-controls-framework-scf-2025-1-1",0
5217,3016,,2,"secure-controls-framework-scf-2025-1-1",0
5217,3036,,2,"secure-controls-framework-scf-2025-1-1",0
5217,3038,,2,"secure-controls-framework-scf-2025-1-1",0
5217,3039,,2,"secure-controls-framework-scf-2025-1-1",0
5217,3040,,2,"secure-controls-framework-scf-2025-1-1",0
5217,3047,,2,"secure-controls-framework-scf-2025-1-1",0
5217,3064,,2,"secure-controls-framework-scf-2025-1-1",0
5219,3038,,2,"secure-controls-framework-scf-2025-1-1",0
5219,3039,,2,"secure-controls-framework-scf-2025-1-1",0
5220,3038,,2,"secure-controls-framework-scf-2025-1-1",0
5220,3039,,2,"secure-controls-framework-scf-2025-1-1",0
5222,3038,,2,"secure-controls-framework-scf-2025-1-1",0
5222,3039,,2,"secure-controls-framework-scf-2025-1-1",0
5222,3051,,2,"secure-controls-framework-scf-2025-1-1",0
5222,3052,,2,"secure-controls-framework-scf-2025-1-1",0
5222,3064,,2,"secure-controls-framework-scf-2025-1-1",0
5223,3038,,2,"secure-controls-framework-scf-2025-1-1",0
5224,3038,,2,"secure-controls-framework-scf-2025-1-1",0
5226,3014,,2,"secure-controls-framework-scf-2025-1-1",0
5226,3034,,2,"secure-controls-framework-scf-2025-1-1",0
5226,3037,,2,"secure-controls-framework-scf-2025-1-1",0
5226,3038,,2,"secure-controls-framework-scf-2025-1-1",0
5226,3042,,2,"secure-controls-framework-scf-2025-1-1",0
5227,3038,,2,"secure-controls-framework-scf-2025-1-1",0
5227,3042,,2,"secure-controls-framework-scf-2025-1-1",0
5228,3013,,2,"secure-controls-framework-scf-2025-1-1",0
5228,3026,,2,"secure-controls-framework-scf-2025-1-1",0
5228,3030,,2,"secure-controls-framework-scf-2025-1-1",0
5228,3034,,2,"secure-controls-framework-scf-2025-1-1",0
5228,3038,,2,"secure-controls-framework-scf-2025-1-1",0
5229,3038,,2,"secure-controls-framework-scf-2025-1-1",0
5230,3038,,2,"secure-controls-framework-scf-2025-1-1",0
5231,3038,,2,"secure-controls-framework-scf-2025-1-1",0
5232,3038,,2,"secure-controls-framework-scf-2025-1-1",0
5233,3039,,2,"secure-controls-framework-scf-2025-1-1",0
5233,3051,,2,"secure-controls-framework-scf-2025-1-1",0
5233,3052,,2,"secure-controls-framework-scf-2025-1-1",0
5234,3038,,2,"secure-controls-framework-scf-2025-1-1",0
5234,3039,,2,"secure-controls-framework-scf-2025-1-1",0
5234,3040,,2,"secure-controls-framework-scf-2025-1-1",0
5235,3040,,2,"secure-controls-framework-scf-2025-1-1",0
5236,3040,,2,"secure-controls-framework-scf-2025-1-1",0
5237,3005,,2,"secure-controls-framework-scf-2025-1-1",0
5237,3057,,2,"secure-controls-framework-scf-2025-1-1",0
5237,3062,,2,"secure-controls-framework-scf-2025-1-1",0
5238,3057,,2,"secure-controls-framework-scf-2025-1-1",0
5238,3059,,2,"secure-controls-framework-scf-2025-1-1",0
5238,3062,,2,"secure-controls-framework-scf-2025-1-1",0
5239,3005,,2,"secure-controls-framework-scf-2025-1-1",0
5239,3056,,2,"secure-controls-framework-scf-2025-1-1",0
5239,3057,,2,"secure-controls-framework-scf-2025-1-1",0
5239,3062,,2,"secure-controls-framework-scf-2025-1-1",0
5240,3057,,2,"secure-controls-framework-scf-2025-1-1",0
5241,3057,,2,"secure-controls-framework-scf-2025-1-1",0
5242,3057,,2,"secure-controls-framework-scf-2025-1-1",0
5243,3057,,2,"secure-controls-framework-scf-2025-1-1",0
5243,3058,,2,"secure-controls-framework-scf-2025-1-1",0
5243,3059,,2,"secure-controls-framework-scf-2025-1-1",0
5243,3078,,2,"secure-controls-framework-scf-2025-1-1",0
5244,3005,,2,"secure-controls-framework-scf-2025-1-1",0
5244,3058,,2,"secure-controls-framework-scf-2025-1-1",0
5244,3059,,2,"secure-controls-framework-scf-2025-1-1",0
5245,3055,,2,"secure-controls-framework-scf-2025-1-1",0
5245,3062,,2,"secure-controls-framework-scf-2025-1-1",0
5246,3082,,2,"secure-controls-framework-scf-2025-1-1",0
5247,3062,,2,"secure-controls-framework-scf-2025-1-1",0
5247,3082,,2,"secure-controls-framework-scf-2025-1-1",0
5248,3062,,2,"secure-controls-framework-scf-2025-1-1",0
5249,3082,,2,"secure-controls-framework-scf-2025-1-1",0
5250,3055,,2,"secure-controls-framework-scf-2025-1-1",0
5450,4001,,2,"secure-controls-framework-scf-2025-1-1",1
5450,4002,,2,"secure-controls-framework-scf-2025-1-1",1
5450,4003,,2,"secure-controls-framework-scf-2025-1-1",1
5450,4082,,2,"secure-controls-framework-scf-2025-1-1",1
5453,4017,,2,"secure-controls-framework-scf-2025-1-1",1
5453,4023,,2,"secure-controls-framework-scf-2025-1-1",1
5453,4027,,2,"secure-controls-framework-scf-2025-1-1",1
5453,4028,,2,"secure-controls-framework-scf-2025-1-1",1
5453,4036,,2,"secure-controls-framework-scf-2025-1-1",1
5453,4038,,2,"secure-controls-framework-scf-2025-1-1",1
5453,4048,,2,"secure-controls-framework-scf-2025-1-1",1
5453,4050,,2,"secure-controls-framework-scf-2025-1-1",1
5453,4052,,2,"secure-controls-framework-scf-2025-1-1",1
5453,4053,,2,"secure-controls-framework-scf-2025-1-1",1
5453,4055,,2,"secure-controls-framework-scf-2025-1-1",1
5453,4056,,2,"secure-controls-framework-scf-2025-1-1",1
5453,4060,,2,"secure-controls-framework-scf-2025-1-1",1
5453,4066,,2,"secure-controls-framework-scf-2025-1-1",1
5453,4082,,2,"secure-controls-framework-scf-2025-1-1",1
5453,4083,,2,"secure-controls-framework-scf-2025-1-1",1
5454,4014,,2,"secure-controls-framework-scf-2025-1-1",1
5455,4084,,2,"secure-controls-framework-scf-2025-1-1",1
5455,4087,,2,"secure-controls-framework-scf-2025-1-1",1
5456,4022,,2,"secure-controls-framework-scf-2025-1-1",1
5464,4005,,2,"secure-controls-framework-scf-2025-1-1",1
5465,4004,,2,"secure-controls-framework-scf-2025-1-1",1
5465,4019,,2,"secure-controls-framework-scf-2025-1-1",1
5471,4004,,2,"secure-controls-framework-scf-2025-1-1",1
5472,4001,,2,"secure-controls-framework-scf-2025-1-1",1
5473,4001,,2,"secure-controls-framework-scf-2025-1-1",1
5473,4013,,2,"secure-controls-framework-scf-2025-1-1",1
5473,4019,,2,"secure-controls-framework-scf-2025-1-1",1
5474,4001,,2,"secure-controls-framework-scf-2025-1-1",1
5475,4001,,2,"secure-controls-framework-scf-2025-1-1",1
5476,4001,,2,"secure-controls-framework-scf-2025-1-1",1
5068,4055,,2,"secure-controls-framework-scf-2025-1-1",1
5068,4056,,2,"secure-controls-framework-scf-2025-1-1",1
5069,4043,,2,"secure-controls-framework-scf-2025-1-1",1
5073,4058,,2,"secure-controls-framework-scf-2025-1-1",1
5074,4058,,2,"secure-controls-framework-scf-2025-1-1",1
5084,4058,,2,"secure-controls-framework-scf-2025-1-1",1
5085,4058,,2,"secure-controls-framework-scf-2025-1-1",1
5086,4058,,2,"secure-controls-framework-scf-2025-1-1",1
5098,4056,,2,"secure-controls-framework-scf-2025-1-1",1
5098,4057,,2,"secure-controls-framework-scf-2025-1-1",1
5100,4055,,2,"secure-controls-framework-scf-2025-1-1",1
5127,4038,,2,"secure-controls-framework-scf-2025-1-1",1
5127,4041,,2,"secure-controls-framework-scf-2025-1-1",1
5134,4043,,2,"secure-controls-framework-scf-2025-1-1",1
5136,4041,,2,"secure-controls-framework-scf-2025-1-1",1
5142,4042,,2,"secure-controls-framework-scf-2025-1-1",1
5145,4042,,2,"secure-controls-framework-scf-2025-1-1",1
5153,4049,,2,"secure-controls-framework-scf-2025-1-1",1
5162,4039,,2,"secure-controls-framework-scf-2025-1-1",1
5162,4059,,2,"secure-controls-framework-scf-2025-1-1",1
5173,4040,,2,"secure-controls-framework-scf-2025-1-1",1
5217,4017,,2,"secure-controls-framework-scf-2025-1-1",1
5256,4009,,2,"secure-controls-framework-scf-2025-1-1",1
5256,4010,,2,"secure-controls-framework-scf-2025-1-1",1
5256,4011,,2,"secure-controls-framework-scf-2025-1-1",1
5256,4072,,2,"secure-controls-framework-scf-2025-1-1",1
5256,4075,,2,"secure-controls-framework-scf-2025-1-1",1
5260,4012,,2,"secure-controls-framework-scf-2025-1-1",1
5260,4087,,2,"secure-controls-framework-scf-2025-1-1",1
5263,4084,,2,"secure-controls-framework-scf-2025-1-1",1
5265,4012,,2,"secure-controls-framework-scf-2025-1-1",1
5265,4016,,2,"secure-controls-framework-scf-2025-1-1",1
5265,4044,,2,"secure-controls-framework-scf-2025-1-1",1
5189,4017,,2,"secure-controls-framework-scf-2025-1-1",1
5191,4063,,2,"secure-controls-framework-scf-2025-1-1",1
5191,4069,,2,"secure-controls-framework-scf-2025-1-1",1
5191,4070,,2,"secure-controls-framework-scf-2025-1-1",1
5191,4071,,2,"secure-controls-framework-scf-2025-1-1",1
5215,4023,,2,"secure-controls-framework-scf-2025-1-1",1
5216,4067,,2,"secure-controls-framework-scf-2025-1-1",1
5723,4017,,2,"secure-controls-framework-scf-2025-1-1",1
5723,4021,,2,"secure-controls-framework-scf-2025-1-1",1
5735,4065,,2,"secure-controls-framework-scf-2025-1-1",1
5738,4067,,2,"secure-controls-framework-scf-2025-1-1",1
5739,4021,,2,"secure-controls-framework-scf-2025-1-1",1
5739,4065,,2,"secure-controls-framework-scf-2025-1-1",1
5730,4067,,2,"secure-controls-framework-scf-2025-1-1",1
5731,4065,,2,"secure-controls-framework-scf-2025-1-1",1
5752,4065,,2,"secure-controls-framework-scf-2025-1-1",1
5784,4065,,2,"secure-controls-framework-scf-2025-1-1",1
5784,4067,,2,"secure-controls-framework-scf-2025-1-1",1
5273,4064,,2,"secure-controls-framework-scf-2025-1-1",1
5273,4071,,2,"secure-controls-framework-scf-2025-1-1",1
5280,4069,,2,"secure-controls-framework-scf-2025-1-1",1
5281,4070,,2,"secure-controls-framework-scf-2025-1-1",1
5301,4003,,2,"secure-controls-framework-scf-2025-1-1",1
5301,4055,,2,"secure-controls-framework-scf-2025-1-1",1
5303,4066,,2,"secure-controls-framework-scf-2025-1-1",1
5308,4055,,2,"secure-controls-framework-scf-2025-1-1",1
5333,4055,,2,"secure-controls-framework-scf-2025-1-1",1
5336,4057,,2,"secure-controls-framework-scf-2025-1-1",1
5349,4055,,2,"secure-controls-framework-scf-2025-1-1",1
5359,4085,,2,"secure-controls-framework-scf-2025-1-1",1
5405,4053,,2,"secure-controls-framework-scf-2025-1-1",1
5406,4054,,2,"secure-controls-framework-scf-2025-1-1",1
5481,4024,,2,"secure-controls-framework-scf-2025-1-1",1
5481,4068,,2,"secure-controls-framework-scf-2025-1-1",1
5483,4025,,2,"secure-controls-framework-scf-2025-1-1",1
5483,4060,,2,"secure-controls-framework-scf-2025-1-1",1
5486,4025,,2,"secure-controls-framework-scf-2025-1-1",1
5486,4049,,2,"secure-controls-framework-scf-2025-1-1",1
5486,4060,,2,"secure-controls-framework-scf-2025-1-1",1
5489,4068,,2,"secure-controls-framework-scf-2025-1-1",1
5495,4053,,2,"secure-controls-framework-scf-2025-1-1",1
5497,4053,,2,"secure-controls-framework-scf-2025-1-1",1
5505,4020,,2,"secure-controls-framework-scf-2025-1-1",1
5507,4026,,2,"secure-controls-framework-scf-2025-1-1",1
5508,4026,,2,"secure-controls-framework-scf-2025-1-1",1
5525,4023,,2,"secure-controls-framework-scf-2025-1-1",1
5525,4027,,2,"secure-controls-framework-scf-2025-1-1",1
5525,4029,,2,"secure-controls-framework-scf-2025-1-1",1
5525,4051,,2,"secure-controls-framework-scf-2025-1-1",1
5525,4060,,2,"secure-controls-framework-scf-2025-1-1",1
5529,4061,,2,"secure-controls-framework-scf-2025-1-1",1
5552,4024,,2,"secure-controls-framework-scf-2025-1-1",1
5553,4026,,2,"secure-controls-framework-scf-2025-1-1",1
5554,4023,,2,"secure-controls-framework-scf-2025-1-1",1
5554,4024,,2,"secure-controls-framework-scf-2025-1-1",1
5554,4030,,2,"secure-controls-framework-scf-2025-1-1",1
5554,4060,,2,"secure-controls-framework-scf-2025-1-1",1
5555,4061,,2,"secure-controls-framework-scf-2025-1-1",1
5583,4062,,2,"secure-controls-framework-scf-2025-1-1",1
5585,4062,,2,"secure-controls-framework-scf-2025-1-1",1
5592,4062,,2,"secure-controls-framework-scf-2025-1-1",1
5596,4025,,2,"secure-controls-framework-scf-2025-1-1",1
5607,4023,,2,"secure-controls-framework-scf-2025-1-1",1
5607,4060,,2,"secure-controls-framework-scf-2025-1-1",1
5619,4063,,2,"secure-controls-framework-scf-2025-1-1",1
5624,4024,,2,"secure-controls-framework-scf-2025-1-1",1
5625,4068,,2,"secure-controls-framework-scf-2025-1-1",1
5626,4068,,2,"secure-controls-framework-scf-2025-1-1",1
5645,4017,,2,"secure-controls-framework-scf-2025-1-1",1
5645,4036,,2,"secure-controls-framework-scf-2025-1-1",1
5645,4038,,2,"secure-controls-framework-scf-2025-1-1",1
5646,4037,,2,"secure-controls-framework-scf-2025-1-1",1
5665,4021,,2,"secure-controls-framework-scf-2025-1-1",1
5631,4044,,2,"secure-controls-framework-scf-2025-1-1",1
5632,4044,,2,"secure-controls-framework-scf-2025-1-1",1
5639,4047,,2,"secure-controls-framework-scf-2025-1-1",1
5695,4052,,2,"secure-controls-framework-scf-2025-1-1",1
5695,4055,,2,"secure-controls-framework-scf-2025-1-1",1
5696,4052,,2,"secure-controls-framework-scf-2025-1-1",1
5705,4055,,2,"secure-controls-framework-scf-2025-1-1",1
5791,4069,,2,"secure-controls-framework-scf-2025-1-1",1
5791,4070,,2,"secure-controls-framework-scf-2025-1-1",1
5897,4048,,2,"secure-controls-framework-scf-2025-1-1",1
5897,4050,,2,"secure-controls-framework-scf-2025-1-1",1
5897,4052,,2,"secure-controls-framework-scf-2025-1-1",1
5900,4051,,2,"secure-controls-framework-scf-2025-1-1",1
5901,4049,,2,"secure-controls-framework-scf-2025-1-1",1
5903,4050,,2,"secure-controls-framework-scf-2025-1-1",1
5903,4051,,2,"secure-controls-framework-scf-2025-1-1",1
5907,4053,,2,"secure-controls-framework-scf-2025-1-1",1
5907,4054,,2,"secure-controls-framework-scf-2025-1-1",1
5908,4053,,2,"secure-controls-framework-scf-2025-1-1",1
5909,4054,,2,"secure-controls-framework-scf-2025-1-1",1
5915,4051,,2,"secure-controls-framework-scf-2025-1-1",1
6032,4007,,2,"secure-controls-framework-scf-2025-1-1",1
6034,4006,,2,"secure-controls-framework-scf-2025-1-1",1
6035,4005,,2,"secure-controls-framework-scf-2025-1-1",1
6038,4003,,2,"secure-controls-framework-scf-2025-1-1",1
6039,4008,,2,"secure-controls-framework-scf-2025-1-1",1
6044,4008,,2,"secure-controls-framework-scf-2025-1-1",1
6046,4008,,2,"secure-controls-framework-scf-2025-1-1",1
6047,4008,,2,"secure-controls-framework-scf-2025-1-1",1
6048,4008,,2,"secure-controls-framework-scf-2025-1-1",1
6048,4018,,2,"secure-controls-framework-scf-2025-1-1",1
6053,4015,,2,"secure-controls-framework-scf-2025-1-1",1
6078,4004,,2,"secure-controls-framework-scf-2025-1-1",1
6081,4004,,2,"secure-controls-framework-scf-2025-1-1",1
6081,4006,,2,"secure-controls-framework-scf-2025-1-1",1
6085,4004,,2,"secure-controls-framework-scf-2025-1-1",1
5890,4053,,2,"secure-controls-framework-scf-2025-1-1",1
5890,4086,,2,"secure-controls-framework-scf-2025-1-1",1
5892,4053,,2,"secure-controls-framework-scf-2025-1-1",1
5892,4071,,2,"secure-controls-framework-scf-2025-1-1",1
5892,4086,,2,"secure-controls-framework-scf-2025-1-1",1
6062,4031,,2,"secure-controls-framework-scf-2025-1-1",1
6063,4031,,2,"secure-controls-framework-scf-2025-1-1",1
6066,4034,,2,"secure-controls-framework-scf-2025-1-1",1
6066,4035,,2,"secure-controls-framework-scf-2025-1-1",1
6068,4033,,2,"secure-controls-framework-scf-2025-1-1",1
6072,4032,,2,"secure-controls-framework-scf-2025-1-1",1
6191,4045,,2,"secure-controls-framework-scf-2025-1-1",1
6191,4068,,2,"secure-controls-framework-scf-2025-1-1",1
6193,4043,,2,"secure-controls-framework-scf-2025-1-1",1
6199,4045,,2,"secure-controls-framework-scf-2025-1-1",1
6204,4047,,2,"secure-controls-framework-scf-2025-1-1",1
6204,4076,,2,"secure-controls-framework-scf-2025-1-1",1
6204,4077,,2,"secure-controls-framework-scf-2025-1-1",1
6204,4078,,2,"secure-controls-framework-scf-2025-1-1",1
6204,4079,,2,"secure-controls-framework-scf-2025-1-1",1
6205,4074,,2,"secure-controls-framework-scf-2025-1-1",1
6205,4081,,2,"secure-controls-framework-scf-2025-1-1",1
6206,4045,,2,"secure-controls-framework-scf-2025-1-1",1
6206,4046,,2,"secure-controls-framework-scf-2025-1-1",1
6206,4073,,2,"secure-controls-framework-scf-2025-1-1",1
6206,4076,,2,"secure-controls-framework-scf-2025-1-1",1
6208,4045,,2,"secure-controls-framework-scf-2025-1-1",1
6210,4046,,2,"secure-controls-framework-scf-2025-1-1",1
6188,4008,,2,"secure-controls-framework-scf-2025-1-1",1
6189,4008,,2,"secure-controls-framework-scf-2025-1-1",1